ID,prefecture,region,province,verdi.vert,verdi.amph,verdi.rept,verdi.bird,verdi.mamm,individual.vert,individual.amph,individual.rept,individual.bird,individual.mamm,area,forest_police_pa,artificial,forest,div_vert,div_amph,div_rept,div_bird,div_mamm,gdp_pc,pop_dens,road_dens,pop_size,market_access,elevation,latitude
1,Xinyang,cent_china,henan,113,1,2,63,50,23546,133,244,23012,157,19541,0.01919042,0.437494026,0,254.7938346,13.978636,42,162.3195051,36.49569346,24692.71429,0.044599403,1.21803247,871.516934,59.60222444,119.5634299,32.07799452
2,Zhumadian,cent_china,henan,180,75,3,83,19,18409,10596,335,7439,39,15083,0.024862428,0.598496581,0,217.7208219,10.91718506,32,141.820267,32.98336984,21701.85714,0.059865275,1.23893738,902.9479428,46.83978826,97.11717429,32.93126974
3,Sanmenxia,cent_china,henan,146,1,0,16,129,9278,8359,0,119,800,10496,0.021436738,0.333053048,0,254.1935619,7.921193601,31,163.1305441,52.14182419,51268.57143,0.021588407,0.89979516,226.5919199,114.320928,874.8841179,34.34920996
4,Luoyang,cent_china,henan,154,0,0,28,123,1272,0,0,948,324,15200,0.036973684,0.366142481,0,243.5232753,9.890826799,31,153.0532579,49.57919061,46847.57143,0.045426862,1.191467105,690.4883024,90.1484325,648.1242155,34.28433606
5,Pingdingshan,cent_china,henan,9,1,1,5,2,996,600,61,289,46,7904,0.047444332,0.565086683,0,221.1148444,9.767622558,30,142.4437288,38.90349299,30902.42857,0.056600455,1.616120319,447.3699963,52.84024484,255.2167979,33.79570152
6,Luohe,cent_china,henan,13,1,6,6,0,4267,232,1420,2615,0,2716,0.068851252,0.676850458,0,208.0975062,9.301341301,28,137.212691,33.58347395,33858.71429,0.100504001,1.930081001,272.9688667,28.10696417,65.54346893,33.65511404
7,Xuchang,cent_china,henan,36,1,9,26,0,68271,97,8254,59920,0,4996,0.045036029,0.664361864,0,207.320595,9.411387045,27,136.652313,34.25689499,43606.42857,0.098585752,1.850454714,492.534417,32.01391481,129.5815846,34.07721723
8,Zhengzhou,cent_china,henan,11,0,1,7,2,1052,0,23,999,30,7446,0.060435133,0.606191191,0,215.5578815,9.620062079,28,141.2912386,36.64658084,67021,0.104270078,1.614271757,776.3950008,22.6063,239.8152388,34.62026269
9,Jiaozuo,cent_china,henan,16,0,4,8,3,2678,0,1296,37,1345,4071,0.092114959,0.544876867,0,223.7251443,8.758980573,28,144.7751201,42.19104367,47941.85714,0.09060445,1.805091501,368.850716,26.81941781,188.2758002,35.09170367
10,Anyang,cent_china,henan,19,0,0,18,1,57514,0,0,56314,1200,7413,0.045460677,0.589319964,0,208.6388028,7.989464871,24,139.3728783,37.27645959,32711.85714,0.079977812,1.466595171,592.8755204,27.88173589,219.3405184,35.86848804
11,Hebi,cent_china,henan,1,0,1,0,0,414,0,414,0,0,2182,0.085701192,0.552650604,0,204.9243581,8.303100271,21,139.9644661,35.65679167,38312,0.075053032,2.035660174,163.7657158,27.36865132,156.6754962,35.72889398
12,Xinxiang,cent_china,henan,31,0,4,26,0,20075,0,15705,4370,0,8169,0.055086302,0.588032005,0,209.3339051,9.056998897,25,139.3927195,35.88418668,30479.57143,0.075219364,1.532054107,614.4669845,31.76392727,158.6062112,35.25622951
13,Kaifeng,cent_china,henan,17,0,12,5,0,7549,0,3321,4228,0,6444,0.05229671,0.644388748,0,203.0494612,9.879795206,24,136.9479879,32.22167815,29184,0.083034655,1.299037865,535.0753168,25.20351345,68.62802305,34.59828772
14,Zhoukou,cent_china,henan,124,60,25,39,0,64852,26035,4652,34165,0,11959,0.031357137,0.656161192,0,203.7782176,9.978293105,27,136.6459427,30.15398181,19831.42857,0.098717786,1.747993561,1180.566003,33.3263831,47.70309802,33.72965035
15,Shangqiu,cent_china,henan,69,17,13,35,5,76977,25975,34612,15852,538,10704,0.031483558,0.6366819,0,198.868959,9.621486146,23,134.5893624,31.65811052,21226.85714,0.08387036,2.06692031,897.7483334,29.60749678,48.165283,34.28106755
16,Puyang,cent_china,henan,37,13,5,18,1,39695,8530,2073,29053,39,4266,0.052742616,0.649159104,0,200.3840797,9,21,137.9827507,32.40132898,31111.14286,0.095745488,1.500609529,408.4502518,21.47644316,50.85174113,35.79854576
17,Nanyang,cent_china,henan,73,7,0,21,44,1423,802,0,450,171,26600,0.018308271,0.468276372,0,239.8399741,11.19074009,33,153.7783837,41.87085025,24938,0.04446027,1.379424436,1182.643182,78.40813983,308.2196081,33.0332673
18,Ezhou,cent_china,hubei,2,0,0,2,1,61,0,0,58,3,1594,0.166875784,0.419728822,0.117687382,310.063862,13.93189631,43,213.2467397,39.88522599,58062.36714,0.068758082,1.924890213,109.6003827,31.02977665,30.87562361,30.3220273
19,Shiyan,cent_china,hubei,169,1,4,27,132,769,160,29,213,367,23680,0.030025338,0.11563826,0,313.6223958,12.72339411,43,195.8680283,62.03097341,31880.85714,0.014690315,0.940413851,347.8666592,166.8721995,743.1482733,32.44847545
20,Xiangyang,cent_china,hubei,30,0,0,13,13,451,0,0,346,105,19724,0.040509025,0.342340099,0,273.8483463,12.24016416,38,180.6412713,42.96691089,48715.28571,0.030088809,1.312690124,593.4716687,87.67277907,358.9474612,31.92570799
21,Yichang,cent_china,hubei,27,0,2,10,8,2047,0,766,1216,65,21084,0.054780876,0.15162407,0.514020523,348.7169936,18.43796564,48,221.5713468,60.70768116,67132,0.018932366,1.247782679,399.1700047,167.2835858,672.4750806,30.74416627
22,Enshi Tujia and Miao Autonomous Prefecture,cent_china,hubei,69,0,2,34,27,827,0,20,601,206,24061,0.029549894,0.154104867,0.813267628,392.8579907,23.88146897,56,233.9625274,79.01399433,16152.5,0.016738013,0.776969993,402.7333308,316.3430149,1072.045635,30.19518963
23,Jingzhou,cent_china,hubei,30,2,0,27,1,906,343,0,563,0,14067,0.050543826,0.43693516,0.16930945,315.2817968,14.43378078,50,209.4345239,41.4134921,33032.28571,0.033794341,1.365856259,475.3849948,62.63156801,43.90876969,29.9935602
24,Jingmen,cent_china,hubei,16,0,0,16,0,1921,0,0,1921,0,12404,0.035794905,0.424078219,0,283.1481736,11.84750034,39,193.0620648,39.23860851,40491.14286,0.024249973,0.959750887,300.7966651,80.64895747,122.1866599,31.07650888
25,Huangshi,cent_china,hubei,7,0,0,4,2,85,0,0,82,3,4586,0.116223288,0.394984757,0.32343897,331.732121,14.23053509,47,222.7080554,47.79353049,44127.27143,0.057317561,1.179372002,262.8583347,44.84165692,107.0865906,29.92998727
26,Xianning,cent_china,hubei,23,1,1,6,2,2958,79,2,2875,2,10033,0.053124689,0.228070545,0.56872661,342.298189,15.6775946,54,223.0932921,49.52730233,34029.42857,0.029593674,1.342698345,296.9133312,72.63326694,181.7317963,29.62291344
27,Huanggang,cent_china,hubei,35,0,0,29,5,1988,0,0,1954,34,17457,0.050867847,0.410228286,0.361596409,314.7847763,13.97222954,52,207.6662707,41.14627609,23066.85714,0.042703405,1.379937847,745.4733411,67.80937707,163.0560299,30.69335593
28,Wuhan,cent_china,hubei,15,0,0,12,0,867,0,0,867,0,8494.41,0.135971774,0.505710927,0.125520863,303.4189212,13.31076666,48,204.9487589,37.1593956,87051.28571,0.10599716,1.648857896,900.3833359,27.6166,39.62482649,30.62551358
29,Suizhou,cent_china,hubei,18,0,0,15,2,147,0,0,126,21,9636,0.027604815,0.360053237,0,256.8844108,11.21722975,37,171.0090069,37.65817416,29670.25143,0.026634323,0.751063719,256.6483364,67.04137715,185.2145603,31.82742679
30,Xiaogan,cent_china,hubei,36,0,0,35,0,993,0,0,993,0,8910,0.069809203,0.538791618,0.062995801,278.8564832,12.84392403,40,189.8422909,36.17026829,24725.23,0.059230266,1.400805275,527.7416701,53.40481243,76.11971118,31.11831898
31,Zhangjiajie,cent_china,hunan,16,1,0,2,6,340,1,0,168,171,9524,0.044309114,0.148427532,0.764593001,369.3742182,23.44864677,55,230.476114,60.44945748,24573.28571,0.017445112,0.918722281,166.1472467,164.1130791,543.8352734,29.38346418
32,Xiangxi Tujia and Miao Autonomous Prefecture,cent_china,hunan,13,7,1,2,2,990,870,102,17,1,15487,0.054561891,0.174129682,0.640681641,392.1936808,23.95139591,63,237.3159638,67.92632109,16333.71429,0.018344594,0.784618712,284.1027273,153.4846291,550.0282349,28.68985006
33,Huaihua,cent_china,hunan,36,7,1,10,12,1385,646,1,706,32,27624,0.045865914,0.134295182,0.716617403,422.6069444,24.42919754,87,243.6100048,67.56774204,22169.57143,0.01846129,0.727665255,509.974675,115.2911731,429.9535363,27.54634219
34,Yiyang,cent_china,hunan,31,5,2,15,0,3891,282,14,3595,0,12144,0.052124506,0.244521604,0.546942899,362.3227129,17.51990371,65,224.7004009,55.10240826,25689.14286,0.038891088,1.300295413,472.2933727,96.6525674,210.2346131,28.55687768
35,Loudi,cent_china,hunan,62,0,0,57,3,1066,0,0,1064,2,8117,0.065048663,0.332900592,0.454900884,370.0721822,19.23581869,64,229.8519028,56.9844607,28072.57143,0.053002402,1.797065418,430.220497,73.0792111,358.9437924,27.72550324
36,Changde,cent_china,hunan,83,1,1,37,18,5981,1558,20,4374,29,18190,0.052226498,0.312921496,0.49354103,355.0757148,17.08694391,63,220.5433383,54.4454326,39000.71429,0.033447399,1.218236119,608.4081878,110.2662557,197.6518008,29.28120223
37,Yueyang,cent_china,hunan,37,2,2,24,2,527449,121,65,527259,4,15087,0.062968118,0.28678504,0.447320272,353.7589811,17.42867956,63,220.7158752,52.61442636,43074.57143,0.037281997,1.330713197,562.4734887,67.7644242,128.3599701,29.03859057
38,Changsha,cent_china,hunan,34,11,1,12,6,5350,4542,13,769,26,11815.96,0.080399731,0.26719096,0.536779083,360.904496,18.87717285,68,219.1609805,54.86634258,97391.14286,0.055904754,1.317808075,660.5683371,38.38555368,162.0541018,28.20308301
39,Xiangtan,cent_china,hunan,17,0,1,10,3,1093,0,237,854,2,5015,0.105284148,0.366910295,0.341898981,358.6787715,19.48767878,66,218.8907557,54.30033698,50483.42857,0.057425939,1.548919791,287.9910841,43.61437116,112.5680459,27.71416209
40,Zhuzhou,cent_china,hunan,35,1,0,19,14,2407,12,0,2337,58,11275,0.084257206,0.183315565,0.6480427,405.6620677,23.95489574,82,241.3239162,58.38325579,49210.85714,0.035150297,1.20445765,396.3195987,94.98676352,300.0303917,27.10365917
41,Hengyang,cent_china,hunan,25,0,0,19,4,440,0,0,403,37,15360,0.082486979,0.29704731,0.414062359,396.9406069,23.09871929,82,231.8708915,59.97099616,29949,0.050836452,1.336715495,780.8479027,51.9537734,159.4090815,26.79225314
42,Shaoyang,cent_china,hunan,71,15,2,34,12,21932,970,2,20932,28,20884,0.060668454,0.228181541,0.602558201,417.655593,23.35803137,82,244.9429438,67.35461786,15862.71429,0.037945233,1.031209778,792.448246,72.96416047,556.4766958,26.91338079
43,Yongzhou,cent_china,hunan,90,34,5,31,9,6957,2094,17,4821,25,22441,0.051735662,0.193080858,0.582495098,480.3737476,29.61171607,111,265.3893391,74.3726925,22121.85714,0.027041516,1.009448443,606.8386606,119.3245635,425.1273484,25.77373451
44,Chenzhou,cent_china,hunan,88,10,13,29,34,2783,458,187,2057,81,19699,0.058937002,0.117076846,0.742717086,480.6157079,29.85079869,109,270.6769552,71.08795398,35970.85714,0.025666228,0.870769328,505.5990254,111.1111996,493.4448084,25.81462838
45,Huangshan,east_china,anhui,99,49,2,7,34,3038,2713,89,176,60,9807,0.02018966,0.082975742,0.904401598,417.3667132,26.20684251,67,248.3690103,75.79086034,33563.14714,0.01506217,0.585111604,147.7147012,100.2632015,374.022868,29.90722157
46,Chizhou,east_china,anhui,81,14,3,33,29,27801,515,64,27128,94,8272,0.013660542,0.17898587,0.706744691,388.5176058,21.60122466,62,236.205876,68.71050511,32162.05857,0.019502813,0.857031522,161.3272691,86.68618904,179.3759061,30.28468744
47,Tongling,east_china,anhui,5,0,0,5,0,9449,0,0,9449,0,1113,0.101527403,0.389328447,0.425662532,352.8584176,20.70679895,54,222.1832945,55.96832411,76594.01,0.066525157,1.397170036,74.04249974,32.99271123,51.91041287,30.93924449
48,Anqing,east_china,anhui,42,3,0,24,11,29489,171,0,29251,67,15398,0.01837901,0.342569734,0.412841935,345.4363562,18.80091281,61,215.7802081,49.85523529,26704.46286,0.040257393,0.721489804,619.8833374,67.36502541,198.3225943,30.60130698
49,Fuyang,east_china,anhui,13,11,0,1,1,2125,2104,0,20,1,9775,0.023120205,0.665965372,0,206.151219,9.787567282,28,138.7831112,29.58054047,13750.26,0.106133819,1.193414578,1037.458081,41.93708378,32.34838766,32.89736062
50,Huainan,east_china,anhui,5,0,0,4,0,25171,0,0,25171,0,2585,0.076595745,0.583052502,0,208.7316302,8.474987103,28,143.9498718,28.30677124,30403.19143,0.094539278,1.643370696,244.3840336,22.35889122,25.2639074,32.76393322
51,Bengbu,east_china,anhui,32,11,0,19,2,231295,164456,0,66837,2,5952,0.033266129,0.593105312,0,209.7621805,8.39581474,28,143.9263807,29.43998503,31423.14286,0.061872527,1.141626596,368.2652807,29.1204548,21.30836488,33.10294456
52,Huaibei,east_china,anhui,2,2,0,0,0,344,344,0,0,0,2741,0.04122583,0.623654694,0,197.3651158,8.845162769,25,134.2926452,29.22730774,31091.02429,0.079411389,1.325066764,217.6666172,39.78405524,32.61389416,33.7362173
53,Suzhou1,east_china,anhui,3,1,0,2,0,1672,94,0,1578,0,9787,0.014509043,0.615229411,0,201.7575262,8.352074033,28,134.9251971,30.48025508,18649.46143,0.066018501,1.308925871,646.1230693,34.38724057,32.24005941,33.84220354
54,Bozhou,east_china,anhui,14,8,0,5,1,1115,951,0,162,2,8374,0.013494149,0.633153483,0,199.6401185,9.437620463,25,135.7087147,29.49378336,15906.71429,0.074035525,1.311467936,619.9734864,50.91557956,31.39929434,33.433307
55,Xuancheng,east_china,anhui,70,21,2,29,16,13541,1949,51,11519,22,12323,0.016067516,0.231170737,0.630617223,397.6242761,24.24579538,65,241.133918,67.24456271,31985.5,0.022685409,0.883551286,279.5522951,63.0665452,200.6940755,30.68530126
56,Hefei,east_china,anhui,18,1,0,12,3,2959,102,0,2722,135,7055,0.036144578,0.561553284,0.04912878,282.8614467,12.4141159,49,184.5491539,36.89817686,62961.71429,0.100654146,2.031852587,710.115,35.83659985,39.81570232,31.78824348
57,Lu'an,east_china,anhui,30,1,0,21,7,7794,197,0,7552,45,17976,0.011014686,0.373901708,0.276952812,282.0164743,16.37598547,49,178.9133104,37.72717841,17828.18143,0.039679399,1.10053933,713.2768764,95.44334036,184.2749836,31.76124842
58,Chuzhou,east_china,anhui,54,0,0,39,18,10549,0,0,10505,44,13523,0.016712268,0.564599392,0,249.8871774,8.939530882,43,163.7756412,34.17200527,27135.62857,0.034463455,1.162848295,466.049302,45.21062861,47.99094159,32.54079603
59,Ma'anshan,east_china,anhui,5,0,0,3,2,4559,0,0,4496,63,1686,0.100830368,0.524826365,0.035610196,314.4782161,13.27393912,49,205.0592652,47.1450118,59226.54714,0.125561398,3.153213968,211.696517,25.833664,22.91623376,31.61998895
60,Wuhu,east_china,anhui,5,1,0,4,0,240,82,0,158,0,3317,0.068133856,0.491489714,0.241770223,345.0996559,19.86649402,55,218.107747,52.12541482,58852.79429,0.108136087,2.46237647,358.6874006,32.66985769,30.01116968,31.14770472
61,Zhangzhou,east_china,fujian,13,0,0,11,2,8329,0,0,8327,2,12881,0.051936961,0.125349571,0.646557939,534.7024023,25.35955963,107,338.397233,63.94560967,46007,0.037873095,0.814727117,487.8433367,65.3679012,311.3791809,24.3956741
62,Xiamen,east_china,fujian,2,0,0,2,0,420,0,0,420,0,1573.16,0.232017087,0.248680034,0.447167109,526.8899882,25.40943493,98,339.9614099,63.5191433,81660.14286,0.123728673,1.219678863,194.6449992,23.53334356,207.6524949,24.70121612
63,Longyan,east_china,fujian,51,2,2,20,19,426,24,95,285,22,19063,0.022346955,0.065072275,0.89059008,529.124036,29.14777012,107,322.7799588,70.1963071,57079.28571,0.013723737,0.663117033,261.6155984,135.8353452,580.6030496,25.30592911
64,Quanzhou,east_china,fujian,15,0,1,13,1,223,0,10,213,0,11015,0.066273264,0.178034542,0.670257401,544.7552501,28.91479646,105,340.600438,70.24001567,62135.42857,0.06370404,1.333545166,701.7000006,57.92008464,450.4036446,25.23437908
65,Putian,east_china,fujian,5,2,1,1,1,57,54,1,1,1,4131,0.07358993,0.171358534,0.644428094,534.4094057,26.61372609,98,339.1922282,70.60345145,47555.71429,0.080651981,1.433127572,333.1733335,50.26090155,364.6745669,25.48503727
66,Fuzhou1,east_china,fujian,11,0,0,2,8,31035,175,203,30624,33,13066,0.060538803,0.120262735,0.657491174,533.293538,27.55536078,102,332.0605232,71.677654,63713.28571,0.05009924,0.807018215,654.5966698,37.86637652,367.1596549,26.08007104
67,Sanming,east_china,fujian,109,6,1,52,30,837,265,9,527,36,23094,0.031609942,0.05703523,0.908792533,522.4486684,30.57303715,99,319.2455764,73.63005477,57900.14286,0.012030856,0.614142201,277.8405885,137.041,549.0162373,26.3154422
68,Nanping,east_china,fujian,103,7,0,37,33,1058,396,0,594,68,26308,0.023110841,0.074585488,0.893519255,522.8682285,34.31173787,98,310.4395242,80.11696644,42003.71429,0.010309742,0.532699179,271.2286925,122.1585307,494.784577,27.34330272
69,Ningde,east_china,fujian,39,0,11,13,14,893,0,324,350,219,13452,0.040663098,0.101668911,0.772465014,523.9802577,29.23362887,94,328.4981317,72.24849723,42164.28571,0.023507037,0.741488255,316.2166617,63.77771766,584.1961043,26.98754338
70,Suzhou2,east_china,jiangsu,72,44,2,27,2,5288,3481,7,1781,19,8488,0.005537229,0.41272135,0.104179596,337.9672879,15.37696448,51,229.9269535,41.66336989,122619.4286,0.084798378,1.484713713,719.7686325,14.87394175,4.512721013,31.34786569
71,Wuxi,east_china,jiangsu,29,8,0,20,1,1669,636,0,993,40,4627,0.007780419,0.488090935,0.165851474,337.4266038,15.8150516,52,225.7946706,43.81688158,120309.7143,0.108261764,1.650799654,500.927182,10.86233251,16.01609561,31.5172337
72,Changzhou,east_china,jiangsu,18,13,0,5,0,16519,15924,0,595,0,4372,0.007090576,0.526188401,0.107581725,332.7437516,16.07824024,51,219.1971978,46.46831362,96533.42857,0.087383695,1.962374199,382.0415145,15.02016536,15.44966744,31.62594556
73,Nanjing,east_china,jiangsu,110,27,11,72,17,7041,5083,144,1566,248,6587,0.008653408,0.510176068,0.025124089,304.6097728,13.14275996,46,199.442173,46.02483984,98684.14286,0.097476595,1.661226659,642.0783313,14.70953748,24.07218009,31.92205973
74,Zhenjiang,east_china,jiangsu,38,18,12,7,0,4186,2393,1178,615,0,3847,0.008058227,0.531828907,0.019885255,313.7240695,14.45437728,48,206.6868228,44.58286934,94489.71429,0.072359843,1.833896543,278.368316,12.67547308,22.96648032,32.00967823
75,Taizhou1,east_china,jiangsu,31,14,4,11,3,342,108,0,231,3,5787,0.005356834,0.605593792,0,266.4782636,10.18690773,43,180.0713453,33.22001054,66922.71429,0.08638619,1.552142734,499.9168815,11.77991749,259.4426111,28.76997873
76,Nantong,east_china,jiangsu,49,5,1,37,10,273408,683,2,261470,11253,8001,0.005124359,0.599710008,0.063364289,270.0635456,10.01633188,39,192.7969956,28.2502181,71361.85714,0.094973201,2.223878265,759.8805812,13.83823015,4.13556226,32.20917446
77,Yancheng,east_china,jiangsu,317,232,3,73,11,128275,29312,35,98779,149,16972,0.002769267,0.584965864,0.009021672,228.2198289,8.618807797,36,157.0861351,26.514886,48460,0.047621808,1.103685482,808.2373254,20.38629337,1.48703802,33.5304217
78,Huai'an,east_china,jiangsu,29,17,0,11,0,3323,2335,0,988,0,10072,0.003574265,0.530699923,0,218.7060381,7.929693681,32,148.7818469,29.99449746,46038,0.053742004,1.240965052,541.2894643,35.84082395,14.43865445,33.36494021
79,Suqian,east_china,jiangsu,255,189,5,60,4,82182,74767,1529,5759,127,8555,0.003039158,0.462497912,0,207.0559841,8.041056,29,141.1254224,28.8895057,36049.85714,0.064797115,1.229573349,554.3393188,41.96633872,14.4844551,33.73179741
80,Xuzhou,east_china,jiangsu,183,91,2,86,7,109330,80254,2504,26206,366,11259,0.004618527,0.591392516,0,200.9691801,8.399649286,27,135.8987338,29.670797,52168.42857,0.087105858,1.442934541,980.7248552,31.44101104,32.94252339,34.3387236
81,Lianyungang,east_china,jiangsu,46,27,0,19,0,12215,7759,0,4456,0,7500,0.004133333,0.563047769,0,209.5684528,9.330240595,25,149.8019717,25.43624046,40735,0.068693333,1.527133333,515.1999975,25.23510727,16.49949676,34.52637008
82,Yangzhou,east_china,jiangsu,73,49,4,24,2,6649,5470,28,1139,12,6591,0.004703383,0.5172435,0,255.147916,9.556136172,40,169.4450063,36.14677346,75360.28571,0.069789359,1.563154301,459.9816652,19.8589063,6.423181524,32.73094612
83,Pingxiang,east_china,jiangxi,18,0,1,3,9,329,0,2,36,291,3830,0.121671018,0.198750498,0.668591279,384.1575358,22.93977644,69,234.5636336,57.65412577,41667.57143,0.049706162,1.707990927,190.3746005,52.27030819,328.5461549,27.50325709
84,Fuzhou2,east_china,jiangxi,55,7,1,18,22,8243,0,0,8214,29,18820,0.054516472,0.190595428,0.649251073,443.2321446,26.65635475,86,263.0497125,67.52607741,23438.84429,0.018559889,0.715783475,349.297111,81.66223962,225.0038376,27.50405163
85,Yingtan,east_china,jiangxi,7,2,0,0,6,235,228,0,0,7,3560,0.078651685,0.281893181,0.509875702,425.1717316,24.85569109,72,261.5630233,66.75301722,47167.71429,0.032598881,1.085853511,116.0520164,134.5297172,166.2381501,28.21332806
86,Ji'an,east_china,jiangxi,51,3,1,11,33,708,64,46,595,3,25283,0.047937349,0.180290911,0.6589751,428.8359209,26.86357615,85,251.1293259,65.84301888,22860.28571,0.016384496,0.834717992,414.2492124,83.92339769,252.5175104,26.96187573
87,Ganzhou,east_china,jiangxi,21,3,0,7,8,86,56,0,19,11,39379,0.042611544,0.11766538,0.764241378,502.0540339,28.47851054,115,289.596416,68.97910735,19730.42857,0.023682631,0.699808337,932.5983261,94.83505062,368.2305504,25.70384317
88,Xinyu,east_china,jiangxi,10,6,1,4,1,5988,281,8,5698,1,3178,0.058527376,0.196309818,0.621959039,380.0791947,22.56661676,66,228.385213,63.127365,73838,0.03629484,1.325519194,115.3450015,40.17641261,121.6360105,27.81846204
89,Yichun1,east_china,jiangxi,38,12,3,24,3,4421,117,0,4299,5,18669,0.049922331,0.255761934,0.555776242,383.0424642,21.3079705,70,229.9364198,61.79807381,24878.71429,0.025412305,0.928933258,474.422322,58.89512976,220.7931854,28.29002435
90,Nanchang,east_china,jiangxi,15,3,2,12,1,826,117,9,699,1,7402,0.113347744,0.460436954,0.167189947,381.5405131,21.71077745,65,233.1893881,61.64034752,64645.71429,0.068973701,1.408266009,510.5433348,36.71681314,37.93859697,28.64683
91,Jiujiang,east_china,jiangxi,62,5,4,24,30,2366,364,518,1346,138,19078,0.063528672,0.180808899,0.617629777,378.5932705,19.57265081,68,231.6028911,59.41772853,33158.71429,0.021442714,0.972561982,409.0840977,81.55994641,215.2650113,29.31392529
92,Shangrao,east_china,jiangxi,45,1,0,5,36,248,24,0,148,76,22791,0.049098328,0.231921298,0.587665898,431.3727314,24.43370411,82,256.435596,68.50343131,20836.71429,0.029193761,0.827006055,665.355007,77.11329896,204.0771682,28.77109719
93,Jingdezhen,east_china,jiangxi,8,0,1,2,4,64,0,36,24,4,5261,0.070899069,0.187469089,0.710600571,399.3255052,22.62284163,68,240.7829242,67.91973937,41446.85714,0.030845058,0.838795951,162.2758501,57.72240398,142.6315793,29.30129899
94,Laiwu,east_china,shandong,0,0,0,0,0,0,0,0,0,0,2422,0.022295623,0.545611441,0,201.6104173,9,18,144.9466734,29.66374394,48595.44429,0.052480553,1.570097027,127.1078994,32.25016057,294.1053286,36.27083333
95,Heze,east_china,shandong,21,5,5,11,0,5449,2714,2210,525,0,12239,0.019854563,0.643293662,0,200.8090714,9.025156652,21,138.9492846,31.83463013,23874.42857,0.079440995,1.415863224,972.2783378,29.45560996,50.28715575,35.14272773
96,Liaocheng,east_china,shandong,1,0,0,0,1,38,0,0,0,38,8715,0.024784854,0.634223033,0,202.6010374,9,21,141.2752475,31.32578989,39007.88571,0.069385475,1.824388985,604.6944146,25.5901555,36.59912635,36.44629173
97,Dezhou,east_china,shandong,6,1,2,3,0,10229,120,369,9740,0,10369,0.028546629,0.623863082,0,207.4564427,9,21,147.0746358,30.38180686,41912.42857,0.055822898,2.039579516,578.8276294,32.69431086,21.33845325,37.23791209
98,Jining,east_china,shandong,15,2,1,11,1,3229,334,1028,1807,60,11423,0.025912632,0.591144832,0,198.2664139,8.995856004,20,138.779586,30.49097195,42334.14286,0.074593151,1.477449006,852.0775639,29.47822779,65.70707447,35.34623504
99,Zaozhuang,east_china,shandong,0,0,0,0,0,0,0,0,0,0,4571,0.035440823,0.57316168,0,197.3901602,8.997836408,21,138.2513973,29.14092645,47455.57143,0.086964909,1.613667688,397.516599,19.44207704,96.62213113,34.90800389
100,Linyi,east_china,shandong,17,5,0,10,0,2731,2213,0,518,0,17202,0.018776886,0.586607836,0,208.0422877,9.057353075,25,146.5365367,27.44839795,32183.64,0.063608164,1.375231078,1094.187637,21.1151988,153.6711668,35.3021103
101,Rizhao,east_china,shandong,1,0,0,1,0,200,0,0,200,0,5353,0.020175602,0.592605173,0,204.9384417,9.720299138,20,150.4742532,24.74388933,51203.57143,0.054331527,1.346231085,290.836664,31.2910245,134.9671694,35.56906222
102,Qingdao,east_china,shandong,2,1,0,1,0,2670,2559,0,111,0,11282,0.02384329,0.535014175,0,203.1120652,9.934584059,21,148.8808895,23.29659162,90296.14286,0.073498641,1.438297731,829.2116678,24.85327883,55.47035994,36.45814466
103,Weihai,east_china,shandong,2,0,1,0,2,56,0,3,0,53,5797,0.018630326,0.415878684,0,199.8011794,10.03323831,19,149.6393951,21.12854602,91811.92,0.044600081,1.18372434,258.5466696,23.94245594,68.17040334,37.11692463
104,Yantai,east_china,shandong,4,0,0,3,0,111,0,0,111,0,13750,0.023490909,0.522152423,0,200.4696948,10.16361314,20,148.5933658,21.71271595,80936.42857,0.047961455,1.132883636,659.4700063,31.05688134,107.3509779,37.22813955
105,Weifang,east_china,shandong,4,0,0,4,0,938,0,0,938,0,16140,0.020012392,0.609447763,0,202.4233205,9.208669642,20,147.6537905,25.56086032,48178.85714,0.055039447,1.495607187,888.3366746,28.46160573,105.3500241,36.51416255
106,Zibo,east_china,shandong,2,0,0,2,0,303,0,0,303,0,5965,0.036211232,0.545009335,0,204.1472243,9,19,148.1874506,27.95977362,81287.71429,0.07218378,1.774002515,430.5762477,26.3873881,218.8025989,36.60811545
107,Tai'an,east_china,shandong,7,0,1,5,1,1842,0,1392,349,101,7880,0.020558376,0.617783033,0,198.3595747,9,19,140.3470125,30.01256215,49412.42857,0.071113031,1.78373731,560.3706843,27.79616561,158.753832,35.98570003
108,Jinan,east_china,shandong,0,0,0,0,0,0,0,0,0,0,8177,0.032897151,0.588038834,0,202.4015655,9,19,144.72198,29.67958547,56529.57143,0.075017325,1.484190412,613.4166665,29.98250218,127.0252173,36.71558639
109,Dongying,east_china,shandong,5,0,0,3,2,157,0,0,73,84,8302,0.016261142,0.502756206,0,204.0144517,9,19,152.1281804,23.88627131,149272.5714,0.022920782,1.008226933,190.2883322,36.09055495,5.209371335,37.5758794
110,Binzhou,east_china,shandong,5,1,0,4,0,1220,570,0,650,0,9600,0.0196875,0.578973434,0,207.7711404,9,21,151.4987446,26.27239585,54994,0.039877083,1.600020833,382.8199968,35.40552945,15.18395546,37.48218993
111,Shanghai Municipality,east_china,shanghai,48,1,0,45,2,5090,30,0,5057,3,6341,0.025705725,0.494819401,0.221636625,324.6527245,13.09621776,50,226.114474,35.44203273,94737.42857,0.375466541,1.941018767,2380.833336,3.794954325,4.579310003,31.16502003
112,Zhoushan,east_china,zhejiang,4,0,1,1,2,126,0,85,39,2,1440,0.068055556,0.061579259,0,205.6116236,5,30,159.8390444,10.77257924,91617.14286,0.069269572,1.195097222,99.74818368,15.18620779,58.34092779,30.10830481
113,Wenzhou,east_china,zhejiang,25,0,2,18,3,43673,0,393,43275,5,11786,0.022738843,0.133681162,0.716087112,464.5712391,26.26390667,78,299.4030582,60.90427422,48105.71429,0.068124753,0.667161463,802.9183389,50.99067451,369.4704234,27.88899687
114,Taizhou2,east_china,zhejiang,16,3,0,11,1,38157,11970,152,25952,83,9411,0.023270641,0.198680723,0.669120711,416.0530515,22.80102976,66,275.1516217,52.10040006,53206.42857,0.062860734,1.232414196,591.5823677,41.05199342,2.942199421,32.57212216
115,Lishui,east_china,zhejiang,26,9,1,2,8,505,409,11,72,13,17298,0.012660423,0.052717927,0.922733321,488.0671128,32.46226985,80,301.962307,73.64253598,39065.57143,0.015218715,0.822233784,263.2533321,85.69182661,627.0842255,28.18482307
116,Quzhou,east_china,zhejiang,9,1,0,5,1,509,35,0,472,2,8845,0.016506501,0.161067636,0.782944592,450.0014383,31.56610764,73,271.2971928,74.13813794,43358.28571,0.028695685,0.872413793,253.8133338,68.86596562,335.9568604,28.92667347
117,Jinhua,east_china,zhejiang,68,8,5,46,9,45204,272,137,44775,20,10941,0.020016452,0.217657334,0.713568975,437.8653038,29.25199749,69,272.6873872,66.92591905,62123.14286,0.043153581,1.074366146,472.1433297,43.56806876,300.4723741,29.10264933
118,Shaoxing,east_china,zhejiang,110,19,9,79,4,4932,1039,164,3645,84,8256,0.017684109,0.265720818,0.632868257,410.5177819,21.65429357,64,267.5727654,57.29072294,85215.85714,0.053446988,1.122902737,441.2583329,31.17256985,188.4985527,29.70167333
119,Ningbo,east_china,zhejiang,101,29,5,55,9,3765,1237,234,2284,10,9816.23,0.024856793,0.281461066,0.551776538,390.745253,15.9421055,61,265.7038532,48.09929427,99400.61429,0.059063578,1.056187559,579.7816663,21.19855042,145.0447256,29.71018474
120,Hangzhou,east_china,zhejiang,30,1,0,10,12,1101,20,0,1064,17,16596,0.019100988,0.130317241,0.804588485,430.3835835,27.70827362,71,260.7311696,70.94414036,96507.85714,0.042493673,0.93890094,705.2249971,68.65099836,283.5897306,29.8833887
121,Huzhou,east_china,zhejiang,43,0,1,37,4,548,0,21,474,53,5818,0.020969405,0.324844726,0.437801105,386.866714,19.82588821,63,243.3816743,60.65915145,66047.42857,0.045045262,1.383858714,262.0733343,24.45884853,115.9185489,30.74164646
122,Jiaxing,east_china,zhejiang,18,4,1,13,1,11668,937,1,10698,32,3915,0.043678161,0.505485099,0.123095381,357.7897623,15.5552536,52,240.6448243,49.58968448,68620.85714,0.088238399,1.998084291,345.4533321,9.054140969,6.326730315,30.66020355
123,Beijing Municipality,north_china,beijing,45,0,0,43,2,9964,0,0,9936,28,16411,0.112607397,0.30299707,0,244.838003,6.794661531,22,170.4658108,45.57753069,96678,0.126815347,1.304399488,2081.16666,29.28605589,356.0171956,40.16312618
124,Handan,north_china,hebei,5,2,0,3,0,560,257,0,303,0,12062,0.036561101,0.568863753,0,204.7498544,7.486518577,21,140.9608183,35.30251749,31982,0.083286907,1.210441884,1004.606672,34.77953279,239.9731766,36.5452746
125,Xingtai,north_china,hebei,2,0,0,2,0,10065,0,0,10065,0,12486,0.037241711,0.581169914,0,206.5695464,6.811632513,23,143.0799217,33.67799215,26303.85714,0.058330287,1.216864889,728.3119635,40.58688335,170.0058971,37.20433322
126,Shijiazhuang,north_china,hebei,12,0,0,8,4,1234,0,0,1217,17,15848,0.034010601,0.477693314,0,212.2402108,4.608583875,23,149.2842157,35.34741117,45495.57143,0.06240167,1.024457345,988.9416662,46.69832934,271.7487226,38.12656828
127,Baoding,north_china,hebei,6,0,0,3,2,61,0,0,60,1,20584,0.028565876,0.458660263,0,219.3932777,5.42880355,22,156.0298959,35.93457823,42921.71429,0.055679594,0.92021473,1146.108763,59.48819047,340.4932585,39.00420785
128,Hengshui,north_china,hebei,4,0,0,4,0,10750,0,0,10750,0,8815,0.030516166,0.625164724,0,210.7630978,8.560382128,22,147.5440177,32.65869797,35040.28571,0.0502499,1.272881452,442.9528685,33.67248231,23.16216315,37.75476869
129,Cangzhou,north_china,hebei,2,1,0,1,0,15156,15155,0,1,0,14053,0.0278944,0.612549405,0,218.164395,8.762576649,24,155.1601543,30.24166405,76330.85714,0.052690794,0.99862307,740.4637281,30.60155732,10.09474967,38.25155779
130,Langfang,north_china,hebei,4,0,0,4,0,210,0,0,210,0,6429,0.038108571,0.640284622,0,232.2783656,7.916289063,24,165.7991401,34.56293642,59553.57143,0.069319049,1.471702442,445.652166,20.08834348,14.43613703,39.25670999
131,Zhangjiakou,north_china,hebei,7,0,0,4,3,88,0,0,79,9,36873,0.010631085,0.296449776,0,200.0368425,4.182469072,23,133.5276479,39.3267255,28650.42857,0.012544274,0.531859355,462.5450152,78.93446519,1252.736878,40.85199669
132,Tangshan,north_china,hebei,39,0,0,37,1,129916,0,0,129908,8,13472,0.025460214,0.493023213,0,234.6310264,8.841022498,23,171.6036819,31.18632201,75328.71429,0.056100694,1.105941954,755.7885496,29.93774687,58.15091651,39.73557582
133,Qinhuangdao,north_china,hebei,4,0,0,4,0,1130,0,0,1130,0,7523,0.022730294,0.416007803,0,234.1743023,7.472305054,20,173.8017477,32.90024957,51746.28571,0.039505248,1.157281005,297.1979807,46.87167836,212.9433097,40.06614062
134,Chengde,north_china,hebei,10,1,0,6,3,11162,1433,0,9722,7,39513,0.006807886,0.255186989,0,232.2166388,5.966026612,23,165.3968848,37.85372734,34971.85714,0.009555631,0.489142814,377.5716477,99.34377494,931.1263615,41.31910141
135,Xilingol League,north_china,innmongolia,19,0,0,13,5,1170,0,0,1102,68,202600,0.004550839,0.015350432,0.000935354,155.3696229,2.043444859,18,99.14507831,36.18109978,82539.28571,0.000508373,0.087422261,102.9963698,301.9149808,1103.331886,44.18926943
136,Alxa League,north_china,innmongolia,9,0,0,3,5,1962,0,0,1884,78,270244,0.000854783,0.000942782,0,146.8357326,1.209823831,29,86.13077145,30.4951373,152868.7143,7.86E-05,0.029805472,21.2411784,654.922059,1262.414684,40.48422816
137,Wuhai,north_china,innmongolia,0,0,0,0,0,0,0,0,0,0,1700,0.135882353,0.040537781,0,168.4304534,3.003106744,16,112.0305426,37.3968041,96722.85714,0.031140333,0.532941176,52.9385661,41.97744719,1318.414372,39.55469278
138,Ordos,north_china,innmongolia,76,0,0,9,68,5074,0,0,689,4385,86800,0.00797235,0.015121307,0,172.1820903,3.13846723,24,105.5136306,39.52999253,186189.5714,0.001960869,0.202197581,170.2034292,123.6278292,1297.938531,39.40894848
139,Bayannur,north_china,innmongolia,16,0,0,8,9,1780,0,0,1469,311,64413,0.008352351,0.06292678,0,145.6054078,1.721986865,19,84.0392165,40.84420441,47307.42857,0.002785459,0.311792651,179.4197706,286.9024311,1274.310874,41.4329065
140,Baotou,north_china,innmongolia,13,0,0,11,2,324,0,0,320,4,27768,0.024920772,0.057674632,0,148.0005928,2.307591317,17,88.81781418,39.8751873,118702.2857,0.008956593,0.245975583,248.7066744,173.1628157,1394.18698,41.54747018
141,Hohhot,north_china,innmongolia,5,0,0,4,1,6,0,0,4,2,17224,0.040176498,0.239525187,0,165.0044929,3.356034907,16,104.5303728,41.11808519,88044,0.013573115,0.391749884,233.7833328,76.07128143,1372.816435,40.59697602
142,Ulanqab,north_china,innmongolia,13,0,0,6,7,13269,0,0,13173,96,55000,0.015363636,0.117975541,0,159.6857438,2.88309333,20,99.20053212,37.60211832,36249.85714,0.004917841,0.229836364,270.481255,238.876703,1407.626482,41.68428507
143,Chifeng,north_china,innmongolia,32,1,0,22,10,1811,174,0,1300,337,90021,0.010242055,0.17292835,0,202.9363698,4.401318114,22,140.6971337,35.83791799,36872,0.00507599,0.261563968,456.9456958,169.9699743,866.9995343,43.20987401
144,Tongliao,north_china,innmongolia,93,7,0,68,8,3180,1923,0,1227,30,59535,0.010330058,0.220369926,0,213.6275177,5.794279241,20,150.4867356,37.34650294,53825.42857,0.005352794,0.301908121,318.6785908,146.3677722,328.7333646,43.79734896
145,Hinggan League,north_china,innmongolia,38,4,0,28,8,19397,11372,0,5759,2266,59800,0.00770903,0.199477593,0.179268956,210.0202786,5.437164861,16,146.7616962,41.82141754,25430.71429,0.002738229,0.165635452,163.7460942,270.7255885,585.0776302,46.20779047
146,Hulunbuir,north_china,innmongolia,91,3,0,37,47,14253,8622,0,5406,225,253356,0.004246988,0.070523397,0.580233328,256.1460887,5.043797393,17,185.2630442,48.8392471,54029.57143,0.001035198,0.081422978,262.2736245,427.3443689,697.2494053,49.64153218
147,Yuncheng,north_china,shanxi,7,0,0,5,2,486,0,0,456,30,14182,0.039345649,0.466170858,0,240.5536089,4.985751457,32,152.1950989,51.37275854,21088.57143,0.036727384,1.087068643,520.8677599,68.05285409,623.4587844,35.17718458
148,Jincheng,north_china,shanxi,0,0,0,0,0,0,0,0,0,0,9425,0.027267905,0.343310671,0,234.1790175,6.923501974,32,148.5917733,46.66374224,42288.28571,0.023158509,0.920872149,218.2689473,66.37836159,988.0928029,35.60429824
149,Changzhi,north_china,shanxi,22,0,0,3,19,64,0,0,19,45,13958,0.036896403,0.390642815,0,227.9181317,4.632704043,25,151.7846938,46.50073385,36336,0.024128989,0.789730083,336.7924285,97.33199135,1161.137784,36.46891647
150,Linfen,north_china,shanxi,113,0,0,23,99,1563,0,0,375,1188,20275,0.03595561,0.36221376,0,235.6340705,4.105123736,32,151.3608716,48.16807512,26287.28571,0.021598014,0.867274969,437.8997339,91.18177028,986.4683205,36.22204132
151,Taiyuan,north_china,shanxi,3,0,0,3,1,28,0,0,18,10,6988,0.061390956,0.28253412,0,218.1820154,4,21,146.8335493,46.34846607,57293,0.052505247,0.975065827,366.906666,56.53843897,1261.021762,37.94776786
152,Lüliang,north_china,shanxi,20,0,0,10,11,390,0,0,288,102,21240,0.026271186,0.335793776,0,208.0528125,4,24,136.1028502,43.9499623,28363.28571,0.018220072,0.776650541,386.9943293,79.92267401,1223.382129,37.66675412
153,Jinzhong,north_china,shanxi,1,0,0,0,1,3,0,0,0,3,16392,0.028794534,0.35259957,0,226.0935863,4.011660847,24,152.9516336,45.13029184,29468.42857,0.020101027,0.921514153,329.4960346,87.65302488,1174.849689,37.31681603
154,Yangquan,north_china,shanxi,1,0,0,0,1,1,0,0,0,1,4570,0.047045952,0.298423367,0,218.7386006,4,18,152.9771905,43.76141004,41411.71429,0.029829686,1.208020897,136.321665,59.88732926,1032.930383,38.06174002
155,Tianjin Municipality,north_china,tianjin,99,2,0,95,1,201345,45,0,201289,11,11917,0.009314425,0.480054758,0,230.9486044,8.700782932,24,168.0105177,30.23730371,98243.14286,0.120248385,1.281866242,1433.000004,15.00614306,13.77603046,39.28852081
156,Qiqihar,north_east,heilongjiang,7,1,0,5,1,19728,65,0,19662,1,42469,0.025194848,0.459753088,0.152361694,250.6213427,7.28733291,18,177.5913093,47.74270046,21969.85714,0.013163101,0.475210153,559.0237364,149.8694017,206.3178609,47.66928553
157,Daxinganling Prefecture,north_east,heilongjiang,17,1,0,11,6,1333,151,0,1143,39,64822,0.003100799,0.009988024,0.955257088,258.4014306,6.448542774,14,188.8823614,49.07052649,25725.14286,0.000778028,0.101833482,50.43333102,490.3079922,573.1704198,52.29841249
158,Heihe,north_east,heilongjiang,2,0,0,1,0,60,0,0,60,0,82164,0.004880483,0.214183237,0.639275076,270.1583368,7.884907927,16,191.7893468,54.48408207,22068.71429,0.002089338,0.130217309,171.6683674,275.8355042,366.9642939,49.22983003
159,Daqing,north_east,heilongjiang,19,0,0,19,0,1219,0,0,1219,0,21219,0.0283708,0.305690117,0,232.5598212,7.726599552,14,167.6310172,43.20220442,125496.5714,0.013259115,0.382054998,281.3451612,110.8639855,139.9398446,46.32406967
160,Suihua,north_east,heilongjiang,31,16,0,14,0,17071,863,0,16208,0,34964,0.019133966,0.412889832,0.281748869,251.1076399,8.000718755,16,181.879637,45.22728414,19400.42857,0.016221494,0.533964935,567.1683162,159.2754865,202.4218604,46.86687176
161,Harbin,north_east,heilongjiang,17,4,2,8,2,2481,789,102,1462,128,53068,0.022687872,0.305397212,0.496024495,269.250406,9.460802747,18,189.3489473,52.4406559,50334.14286,0.01860104,0.442592523,987.1199907,144.2311882,238.9408678,45.63357387
162,Hegang,north_east,heilongjiang,19,13,0,5,0,1501,1311,0,190,0,14680,0.036444142,0.261898613,0.515552661,280.5851468,8.537802519,17,201.7300316,53.31731262,26964.71429,0.006878344,0.228281676,100.9740899,182.9966146,201.159828,47.61816114
163,Yichun2,north_east,heilongjiang,13,2,0,9,2,19182,1355,249,17447,131,32760,0.03470696,0.043113144,0.91026108,276.524871,8.046974547,17,197.9275272,53.55036926,19886.57143,0.003784086,0.102164225,123.9666574,220.4759789,401.6375727,47.78104368
164,Qitaihe,north_east,heilongjiang,1,0,0,1,0,228,0,0,228,0,6222,0.043072967,0.305041546,0.535117578,284.1459438,9.289229405,16,202.5208014,56.33591292,28507.42857,0.014499625,0.31087271,90.21666675,142.7901389,271.2818732,45.90784849
165,Jixi,north_east,heilongjiang,29,13,0,3,13,3968,3186,0,747,35,22531,0.026718743,0.315540956,0.26932867,294.764519,9.968085365,17,207.998666,59.79776763,27729.28571,0.007518531,0.282712707,169.400022,154.865751,169.3377519,45.63107897
166,Shuangyashan,north_east,heilongjiang,7,1,0,5,1,59160,59032,0,122,6,23209,0.023051402,0.311763981,0.446650003,289.3234954,9.568544412,17,205.2782491,57.4767019,31294,0.006458701,0.217261623,149.8999915,155.3803098,151.9299716,46.6681511
167,Jiamusi,north_east,heilongjiang,11,5,0,4,2,1956,905,0,998,53,32704,0.020456213,0.382229368,0.226995969,287.108062,9.143319661,18,206.3957437,53.56899862,29740.85714,0.00744603,0.33048939,243.5149651,137.5767454,99.60947025,47.23216355
168,Mudanjiang,north_east,heilongjiang,39,7,1,7,22,1827,1277,75,447,28,40583,0.016484735,0.152907751,0.716663704,280.4421621,10.20935247,18,193.9902585,58.24255115,38959.85714,0.006520392,0.216906094,264.6170685,193.2750511,525.804568,44.60471459
169,Baicheng,north_east,jilin,16,1,0,14,0,799,97,0,702,0,25745,0.025636046,0.209024587,0,218.4987742,6.206837521,17,153.975482,41.31645475,31537.57143,0.007760559,0.375888522,199.7955915,160.6703534,157.8724379,45.34261911
170,Songyuan,north_east,jilin,22,0,0,22,0,1045,0,0,1045,0,21090,0.031294452,0.400644845,0,225.5938094,7.217233697,16,161.5038783,40.8726974,53357.71429,0.013526138,0.565848743,285.2662504,130.3317461,160.5883076,44.79866339
171,Siping,north_east,jilin,10,5,0,4,1,1108,720,0,202,186,14080,0.05625,0.518836584,0.021255967,235.534315,8.137087183,18,168.4390681,40.95815974,32934.57143,0.023685009,0.608309659,333.4849267,82.96843745,198.7320981,43.56645932
172,Tonghua,north_east,jilin,10,0,0,7,2,1697,0,0,1693,4,15608,0.05926448,0.12283349,0.817662762,248.3916256,11.06944255,19,175.1765636,43.14561946,40006.28571,0.014333719,0.413521912,223.7206862,93.31368807,526.5409366,41.9461783
173,Liaoyuan,north_east,jilin,2,0,0,2,0,107,0,0,107,0,5140,0.102723735,0.418936101,0.246817266,244.4299542,11.02316652,17,174.1184918,42.2882959,51523.42857,0.023762759,0.821692607,122.1405813,63.23027912,364.8520388,42.79285426
174,Jilin,north_east,jilin,43,7,6,20,10,19027,3822,1361,1403,12441,27126,0.043832485,0.214362395,0.527085608,260.4962503,10.97646015,19,179.9497003,50.57008986,54155.85714,0.015859158,0.539122982,430.1955199,92.3907845,379.7266301,43.58545457
175,Changchun,north_east,jilin,20,7,0,12,1,6341,5133,0,1178,30,20604,0.064113764,0.545345033,0.012713418,239.6623876,8.789299807,18,169.7645832,43.10850458,63391.28571,0.036713128,1.030297515,756.4372893,89.01626426,200.2280645,44.38048459
176,Baishan,north_east,jilin,37,0,0,11,27,597,0,0,419,178,17485,0.045295968,0.024180977,0.96928472,256.5412139,11.97419411,20,177.6043895,46.96263031,48699.57143,0.007281011,0.372004575,127.3084773,139.9561766,829.8747505,42.06439019
177,Yanbian Korean Autonomous Prefecture,north_east,jilin,44,6,0,17,16,4563,3391,0,1124,48,42700,0.024754098,0.065863407,0.906787835,273.6135418,11.38628519,20,186.8118189,55.41543769,35596.57143,0.005051037,0.208454333,215.6792799,177.2098084,660.0938325,43.14627402
178,Benxi,north_east,liaoning,18,0,2,14,1,923,0,69,761,93,8411,0.034359767,0.057273038,0.932187803,244.5635664,11.8974718,19,172.6506267,41.01546794,60717.28571,0.018182539,0.481625253,152.9333355,60.9729424,465.4792488,41.2071601
179,Huludao,north_east,liaoning,22,0,0,20,2,24268,0,0,24261,7,10415,0.02774844,0.407590108,0,233.1051276,6.431407052,18,172.8002983,35.87342223,26331,0.026945111,0.667503601,280.6333311,47.38589345,232.7525741,40.60007874
180,Chaoyang,north_east,liaoning,1,0,0,1,0,36,0,0,36,0,19698,0.017159102,0.476484651,0,238.2970761,6.268695258,23,172.6685764,36.35980448,27891.38286,0.017276204,0.714440552,340.3066664,62.76013538,460.6574595,41.48345599
181,Jinzhou,north_east,liaoning,9,0,0,9,0,386,0,0,386,0,9891,0.03417248,0.538505839,0,238.8111192,7,18,176.5117697,37.29934952,38530.03571,0.031046743,0.737882924,307.083335,43.46422623,81.75036969,41.45787266
182,Yingkou,north_east,liaoning,0,0,0,0,0,0,0,0,0,0,5242,0.055131629,0.296924032,0,237.2051541,10.57843228,17,176.1926506,33.43407125,54685.42857,0.044655348,0.774923693,234.0833342,36.88249965,170.952743,40.36899887
183,Dandong,north_east,liaoning,11,0,0,9,1,838,0,0,698,140,15290,0.018901243,0.087124178,0.802557941,235.1660456,12.34591868,18,167.1521018,37.66802513,38496.42857,0.015732505,0.506196861,240.5500015,58.26796333,250.7709241,40.54664611
184,Liaoyang,north_east,liaoning,8,0,0,8,0,317,0,0,317,0,4736,0.071368243,0.342733509,0,241.2966885,10.04630158,19,175.4537457,36.79664125,49573.08286,0.038270693,0.707728041,181.250002,43.27008356,153.976062,41.16947558
185,Panjin,north_east,liaoning,5,0,0,3,2,194,0,0,34,160,4071,0.047408499,0.465660132,0,240.7021668,7.006330051,17,181.3210392,35.37479749,82316.71429,0.031892246,0.835519528,129.8333335,27.86151841,3.519157415,41.09580083
186,Fuxin,north_east,liaoning,8,1,0,7,0,713,200,0,513,0,10355,0.032641236,0.553556508,0,232.8747685,6.529124393,18,169.2876934,39.05795072,28419.42857,0.018472558,0.611393047,191.2833381,54.80612087,204.2829602,42.26787731
187,Anshan,north_east,liaoning,20,0,0,20,0,972,0,0,972,0,9252,0.036532642,0.280242687,0.358925653,238.9853593,10.50740728,19,174.4755245,35.00242749,63271.71429,0.037788226,0.783025292,349.616667,40.3722211,163.9298433,40.70330367
188,Shenyang,north_east,liaoning,27,2,0,24,2,1588,209,0,1373,6,12980,0.048305085,0.536165496,0,239.8454834,8.084342466,21,172.9225607,37.83858023,77405,0.055924884,0.925859014,725.9049943,34.22445212,60.85067794,42.08872094
189,Tieling,north_east,liaoning,1,0,0,1,0,60,0,0,60,0,12980,0.026040062,0.399210395,0.035418371,237.9611807,9.445731651,18,170.0034145,40.51203453,29163.65429,0.023324345,0.821223035,302.7499981,66.52541625,186.4869619,42.6334134
190,Fushun,north_east,liaoning,49,0,0,39,11,2045,0,0,2024,21,11272,0.029985806,0.090847404,0.834486746,246.7310269,11.18215054,20,173.7259533,41.82292307,54001.42857,0.019391708,0.533532204,218.5833326,72.80488903,408.2650641,41.80513751
191,Dalian,north_east,liaoning,31,0,0,29,3,2033,0,0,2028,5,12574,0.038333068,0.36584205,0.135078644,231.3792202,11.31346141,17,171.1726324,31.89312648,100086.3229,0.046981867,0.94219421,590.7499957,31.80312354,82.0336733,39.60546231
192,Jiayuguan,north_west,gansu,0,0,0,0,0,0,0,0,0,0,2935,0.02044293,0.030686848,0,146.8494178,1.750662011,13,88.27826381,43.820492,91303,0.006886496,0.227391056,20.21186576,121.7249171,1868.863849,39.77518938
193,Gannan Tibetan Autonomous Prefecture,north_west,gansu,1,0,0,0,1,1030,0,0,0,1030,38312,0.012528712,0.039178747,0.008100381,305.1342553,4.888002642,36,197.4427864,66.80346632,15194.28571,0.001909269,0.184616661,73.14791393,275.3563143,3357.468539,34.32456284
194,Longnan,north_west,gansu,19,1,0,10,8,1775,816,0,816,143,27914,0.019345131,0.228462738,0,397.7574156,12.65850689,53,245.1744475,86.92446122,11680.14286,0.007420839,0.539137709,207.1452998,212.1557279,1782.161331,33.59330072
195,Tianshui,north_west,gansu,15,2,0,4,10,1040,987,0,12,41,14359,0.029249948,0.41363968,0,314.8755397,6.019013606,40,197.1855954,71.67093075,18015,0.020111064,0.715511526,288.774768,74.02326988,1725.825455,34.64952332
196,Dingxi,north_west,gansu,13,5,0,5,5,116843,116833,0,9,1,20330,0.020659124,0.323626681,0,291.5077736,5.024771558,32,192.3725798,62.11042223,11181.57143,0.012678152,0.504417486,257.7468302,76.71476091,2275.972073,35.10919099
197,Linxia Hui Autonomous Prefecture,north_west,gansu,0,0,0,0,0,0,0,0,0,0,8117,0.059135148,0.224111286,0,263.4822623,4.744751167,19,181.754141,57.98337013,8609.285714,0.027082144,0.715656339,219.8257628,80.6413528,2255.202116,35.62924456
198,Jinchang,north_west,gansu,3,0,0,1,2,11,0,0,4,7,8896,0.013489209,0.060700672,0,190.2388421,2.06697613,17,135.098819,36.07304699,68741.85714,0.003793964,0.264010735,33.75110374,138.4691642,1954.595302,38.42225605
199,Jiuquan,north_west,gansu,3,0,0,0,3,38,0,0,0,38,193974,0.002165239,0.008642192,0,132.419916,1.284689642,25,71.47135265,34.66387369,49870.71429,0.000419315,0.077169273,81.33620781,618.8886874,1944.510291,40.45508829
200,Wuwei,north_west,gansu,0,0,0,0,0,0,0,0,0,0,33238,0.007220651,0.083703588,0,196.6046989,2.027411771,21,136.4834949,37.09379223,20870,0.00483212,0.298573395,160.6100046,236.3913176,1910.450067,38.1311783
201,Lanzhou,north_west,gansu,0,0,0,0,0,0,0,0,0,0,13103,0.036632832,0.11181684,0,237.1990725,3.28744078,24,162.9725032,46.93912853,48068.71429,0.024591442,0.564500305,322.2216645,76.64112197,2071.430424,36.33035158
202,Qingyang,north_west,gansu,27,0,0,4,7,230,0,0,189,41,27220,0.017634093,0.278558445,0,214.3600704,3.961376844,25,140.3354847,45.06320886,31727.57143,0.006885584,0.443272686,187.4255965,165.7875262,1420.632699,36.16229346
203,Baiyin,north_west,gansu,13,0,0,6,7,3501,0,0,2171,1330,21158,0.014179034,0.077949864,0,234.9386854,2.530741578,31,153.8611935,47.54675036,36506.71429,0.007416988,0.494322478,156.9286321,109.5740614,1855.272014,36.58293888
204,Zhangye,north_west,gansu,12,0,0,4,8,347,0,0,43,304,41924,0.008586967,0.053828024,0,181.1438286,1.94081739,18,116.2853675,44.91764374,26267.71429,0.002487079,0.256048147,104.2683,287.0403244,2645.440004,38.90748575
205,Pingliang,north_west,gansu,10,1,0,2,1,6798,6630,0,168,0,11197,0.037510047,0.479003243,0,253.3927211,4.669922286,30,158.1624117,60.56038706,17471.57143,0.015357233,0.876849312,171.9549379,109.7293615,1536.402899,35.28958054
206,Zhongwei,north_west,ningxia,1,0,0,0,1,2,0,0,0,2,17441,0.004357548,0.092694356,0,207.9841779,2.505860109,25,134.5748275,45.90349034,23744.28571,0.006386096,0.370693576,111.3799003,100.0790309,1531.731721,37.25702538
207,Yinchuan,north_west,ningxia,12,0,0,3,8,82,0,0,64,18,9025,0.016842105,0.258999965,0,185.3468115,3.996726333,18,118.2193789,45.13070629,60012.42857,0.022995917,0.453301939,207.5381509,40.25564655,1267.402069,38.50448551
208,Shizuishan,north_west,ningxia,1,0,0,1,0,66,0,0,66,0,5310,0.014312618,0.204866058,0,182.0449019,3.933478949,18,116.8961354,43.2152876,59749.72857,0.014195411,0.474387947,75.37763241,52.35963686,1277.674735,38.97117478
209,Guyuan,north_west,ningxia,8,2,0,5,1,12793,12763,0,11,19,11286,0.01125288,0.223531343,0,233.8217111,3.365005506,27,150.4641028,52.9926028,13896.85714,0.010969019,0.63796444,123.7963484,84.70527422,1876.66031,36.15476089
210,Wuzhong,north_west,ningxia,0,0,0,0,0,0,0,0,0,0,20394,0.006227322,0.102371571,0,190.1885448,3.175067957,20,122.2392898,44.774187,25265,0.006494212,0.38675836,132.4429595,71.58586061,1387.061151,37.74494367
211,Yushu Tibetan Autonomous Prefecture,north_west,qinghai,0,0,0,0,0,0,0,0,0,0,197954,0.000919406,0.001491531,0.073786825,117.155356,2.430504576,9,77.5958183,28.12903315,13022.85714,0.000197599,0.07388661,39.11551245,1062.551174,4696.238307,34.15775649
212,Golog Tibetan Autonomous Prefecture,north_west,qinghai,0,0,0,0,0,0,0,0,0,0,76442,0.00238089,0.000253646,0.095294038,203.3379318,2.994950742,17,140.4479374,42.89504363,16351.57143,0.000246924,0.110425551,18.87536441,563.3523592,4329.682928,34.10013936
213,Hainan Tibetan Autonomous Prefecture,north_west,qinghai,0,0,0,0,0,0,0,0,0,0,43377,0.003504161,0.01499769,0.003635071,208.2925022,2.008804641,9,153.2351786,44.04851895,24865.14286,0.001058817,0.175114692,45.92830501,252.0196249,3524.510604,35.88625053
214,Huangnan Tibetan Autonomous Prefecture,north_west,qinghai,0,0,0,0,0,0,0,0,0,0,17909,0.006756379,0.009425386,0.029874034,240.84184,3.206003877,16,168.7541992,52.88163689,23438.85714,0.001479478,0.222150874,26.4959715,235.7020783,3638.911383,35.01694767
215,Xining,north_west,qinghai,4,0,0,1,3,5,0,0,1,4,7655,0.027824951,0.217040721,0,230.2925548,3,12,167.683271,47.60928383,41780,0.029506641,0.563252776,225.8733369,122.3151898,3100.229465,36.82389103
216,Haidong,north_west,qinghai,2,1,0,1,0,19456,19448,0,8,0,13044,0.013952775,0.148567977,0,246.484251,3.219448002,18,171.7283497,53.53645324,21487.57143,0.012500031,0.608517326,163.0504044,104.1613756,2779.525836,36.32148865
217,Haibei Tibetan Autonomous Prefecture,north_west,qinghai,0,0,0,0,0,0,0,0,0,0,33350,0.003628186,0.022782954,0.023224015,200.131649,2.131167134,12,140.557573,45.44290884,31117,0.000867526,0.168934033,28.9319921,273.4474334,3663.844981,37.75986739
218,Haixi Mongolian Autonomous Prefecture,north_west,qinghai,4,0,0,1,3,113,0,0,24,89,327980,0.000554912,0.000322991,0.022218835,120.4610482,1.003706297,14,75.88940435,29.56793755,99529.42857,0.000127593,0.039994512,41.84795214,760.2413896,3784.058797,36.80340115
219,Yulin1,north_west,shaanxi,1,0,0,0,1,7,0,0,0,7,43578,0.011771995,0.086335634,0,182.805216,3.958067512,23,114.3628782,41.48427027,74960.71429,0.00855948,0.56685713,373.0050194,98.29987696,181.4393606,22.45152906
220,Yan'an,north_west,shaanxi,71,0,0,12,61,494,0,0,72,422,37037,0.014985015,0.25755046,0,213.0012545,4,28,137.5354727,43.46578181,53674.14286,0.006327726,0.435145935,234.3599879,153.3572816,1250.264596,36.41891423
221,Baoji,north_west,shaanxi,23,0,0,1,19,323,0,0,17,306,18143,0.028275368,0.254178497,0,339.0085056,7.588770415,44,207.4265322,79.99320291,39843.57143,0.020617961,0.824450201,374.0716664,137.4786035,1359.995508,34.37245391
222,Hanzhong,north_west,shaanxi,28,1,0,6,14,5989,51,0,5907,31,27246,0.017250239,0.148766856,0.096892781,396.1468769,15.76633471,51,240.7879553,88.59258692,25094.42857,0.012568022,0.618641268,342.4283274,201.1184797,1124.671958,33.08053924
223,Ankang,north_west,shaanxi,36,0,0,3,29,73,0,0,7,66,23536,0.01814242,0.119690466,0.05170225,366.2100069,14.87545007,46,218.6918843,86.64267251,22306.28571,0.011206025,0.908788664,263.7450044,207.4086435,1041.604806,32.75261974
224,Shangluo,north_west,shaanxi,100,0,0,5,92,288,0,0,37,251,19586,0.015266006,0.143019737,0,318.3329295,9.987222348,40,199.492244,68.85346314,21089.71429,0.011977348,0.640802104,234.5883379,160.2008017,1076.151769,33.63873804
225,Xi'an,north_west,shaanxi,25,1,0,10,13,1029,326,0,613,90,10108,0.054907004,0.337590514,0,336.7116708,8.66566414,42,209.9220097,76.12399694,56465.71429,0.083947698,1.272160665,848.5433314,84.66132114,1042.627791,34.09965868
226,Weinan,north_west,shaanxi,14,0,0,6,8,15108,0,0,15050,58,13134,0.035784986,0.518123645,0,253.7245516,4.461966941,35,163.2709961,50.99158861,23188.42857,0.040544135,1.365444647,532.5066691,71.38339591,678.2274166,34.94228958
227,Tongchuan,north_west,shaanxi,2,0,0,0,2,5,0,0,0,5,3890,0.043958869,0.468969885,0,237.4146206,4,25,158.3721634,50.04245717,33278.28571,0.021628535,0.936375321,84.13500115,81.99855733,1134.459965,35.18989118
228,Xianyang,north_west,shaanxi,9,0,0,4,6,157,0,0,113,44,10196,0.058650451,0.520754863,0,263.9065631,4.395311733,32,169.9707723,57.54047903,36200.85714,0.048402478,1.503972146,493.5116657,60.91546179,895.2326698,34.79052638
229,Datong,north_west,shanxi,4,0,0,1,4,54,0,0,1,53,14127,0.030367382,0.277664191,0,201.3739744,4,21,132.097866,44.27610841,27651,0.023820804,0.874513343,336.5164981,57.39037436,1298.645473,39.89954506
230,Shuozhou,north_west,shanxi,0,0,0,0,0,0,0,0,0,0,11066,0.023224291,0.321611054,0,195.3182111,4,20,124.2851391,47.03307191,52634.85714,0.015717478,0.893352838,173.9296115,53.50990069,1351.022297,39.61782396
231,Xinzhou,north_west,shanxi,10,0,0,5,6,39,0,0,16,23,25151,0.02389567,0.276121116,0,205.0615578,4,23,131.2005293,46.86102859,20151.57143,0.012351,0.677309053,310.640001,76.10682827,1396.883675,38.87346228
232,Karamay,north_west,xinjiang,0,0,0,0,0,0,0,0,0,0,9548,0.013510683,0.028770122,0,209.7024704,1,22,146.8171659,39.88530449,136577.4286,0.003356963,0.104637097,32.05228272,87.38461441,298.1766856,45.46178888
233,Changji Hui Autonomous Prefecture,north_west,xinjiang,1,0,0,1,0,40,0,0,40,0,73661,0.003936954,0.071445691,0,190.8180071,1,35,112.9951523,41.82285476,56731.14286,0.001905247,0.186726694,140.3423993,268.5710897,1110.476015,44.31401629
234,Kizilsu Kirgiz Autonomous Prefecture,north_west,xinjiang,0,0,0,0,0,0,0,0,0,0,70916,0.001819054,0.013113335,0.078825027,211.2633396,1,37,136.7568421,36.50649756,12740.28571,0.000804612,0.073208444,57.05986459,509.7684041,3069.055588,39.61929335
235,Kashi Prefecture,north_west,xinjiang,4,0,0,4,0,573,0,0,573,0,111794,0.002594057,0.067318488,0.003319303,144.0707062,1.119364503,34,79.31378828,29.63755346,14073.42857,0.003799999,0.212733465,424.8170882,703.2081026,2482.246714,38.17506128
236,Aksu Prefecture,north_west,xinjiang,4,0,0,2,3,100,0,0,16,84,128098,0.001764274,0.058107576,0.018033814,164.5015635,1,35,102.0748056,26.42675784,24979.85714,0.001906942,0.123799747,244.2754563,542.6591242,1491.788466,40.95289084
237,Hotan Prefecture,north_west,xinjiang,0,0,0,0,0,0,0,0,0,0,248945,0.000518187,0.00982169,0,101.7020349,1.003045419,29,49.11366475,22.58532469,7928.857143,0.000868759,0.071813553,216.2732093,1073.380388,2501.355382,37.28584343
238,Bayingolin Mongolia Autonomous Prefecture,north_west,xinjiang,1,0,0,0,1,104,0,0,0,104,472472,0.000546064,0.006352244,0.006161179,122.9111716,1,33,62.67788218,26.23328941,65617.57143,0.000291391,0.033884759,137.6740886,1296.903627,2191.791197,39.48778519
239,Hami,north_west,xinjiang,1,0,0,1,0,36,0,0,36,0,138918,0.000698254,0.003124962,0,134.8409963,1,27,70.69546082,36.14553544,52636.28571,0.000430762,0.065996307,59.84059552,509.6172342,1192.63914,43.03581361
240,Turpan,north_west,xinjiang,0,0,0,0,0,0,0,0,0,0,69621,0.001393258,0.010029674,0,135.5486135,1,26,79.51689747,30.03171608,36314.71429,0.000916451,0.065241809,63.80423507,631.5456738,1008.351333,42.36863865
241,Ürümqi,north_west,xinjiang,2,0,0,0,1,5,0,0,0,5,14216,0.018148565,0.040951921,0,189.0228938,1,24,121.2520813,42.77081249,62709.42857,0.018135159,0.228592783,257.8094203,193.0077646,1907.031635,43.50872139
242,Altay Prefecture,north_west,xinjiang,10,0,0,5,6,4506,0,0,3543,963,117989,0.001915433,0.018259891,0.070950578,235.6816487,1.110854142,26,158.102024,50.46877058,31240.28571,0.000566267,0.096399241,66.81327706,487.9630219,1158.85238,46.8755463
243,Bortala Mongol Autonomous Prefecture,north_west,xinjiang,1,0,0,0,1,1,0,0,0,1,24896,0.015544666,0.062286933,0.034450233,288.3279135,1.003409216,30,202.898679,54.42582534,44624.85714,0.001954023,0.208019361,48.64735661,344.9177417,1410.721001,44.70483755
244,Ili Kazak Autonomous Prefecture,north_west,xinjiang,1,0,0,1,0,2,0,0,2,0,56624,0.006269426,0.096181829,0.013579737,287.6478737,1.007420997,35,200.0903175,51.5501352,28597.71429,0.007210761,0.303551498,408.3021309,326.6330265,1985.960475,43.41926122
245,Tarba?atay Prefecture,north_west,xinjiang,0,0,0,0,0,0,0,0,0,0,94891,0.00238168,0.043730232,0,256.6640777,1,34,174.0955863,47.56849141,38169,0.001099404,0.111314561,104.323545,276.1755545,1046.771418,45.78797408
246,Dongguan,south_china,guangdong,3,0,0,3,0,717,0,0,717,0,2472,0.023462783,0.318086316,0.431957904,537.5565243,22.21515488,113,338.7943394,63.54702997,67628.28571,0.07605178,1.976840615,188.0000002,3.824930267,38.64555949,22.9308423
247,Zhongshan,south_china,guangdong,0,0,0,0,0,0,0,0,0,0,1800,0.032222222,0.357858799,0.353570012,527.1713922,20.47072785,111,335.2154227,60.48524161,83283.71429,0.100346546,1.262054861,180.6237828,4.73028724,19.86724505,22.54270358
248,Zhuhai,south_china,guangdong,2,0,0,2,0,84,0,0,84,0,1654,0.105199516,0.168174804,0.206087531,519.4629166,20.21002208,110,330.8201155,58.43277905,108384.8571,0.07055268,0.859538543,116.6941327,8.328573522,33.40542584,22.25453
249,Zhanjiang,south_china,guangdong,8,0,2,6,0,159,0,57,102,0,13225,0.039470699,0.250880119,0.303141529,497.2495171,18.87499579,121,306.7939154,50.58060594,28403.57143,0.060507876,1.631043856,800.2166601,25.63810733,37.51908456,21.12225083
250,Maoming,south_china,guangdong,11,2,0,9,0,309,142,0,167,0,11458,0.025309827,0.207824296,0.474220303,529.5700789,23.71085383,120,328.1548955,57.7043296,35309.71429,0.064116047,1.363777055,734.6416665,105.0182425,193.0014446,22.02420975
251,Yangjiang,south_china,guangdong,1,0,0,1,0,134,0,0,134,0,7965,0.029127433,0.176739259,0.413526609,528.8203097,24.10400062,115,332.1711758,57.54513331,40142.57143,0.035067378,0.936993377,279.3116658,134.9363586,151.5277115,22.04338173
252,Jiangmen,south_china,guangdong,13,2,3,11,0,469,118,30,321,0,9568,0.04243311,0.22871816,0.449429214,533.1297145,21.97339077,116,335.4168052,59.73951852,45074.85714,0.041951819,1.045211904,401.3950042,43.9812257,87.74405749,22.3116558
253,Guangzhou,south_china,guangdong,5,0,1,4,0,60,0,17,43,0,7287,0.087553177,0.299433749,0.562183443,540.1244313,21.90812883,118,334.9538416,65.26246082,118149.4286,0.113635792,1.236036778,828.0640163,18.97942516,107.0868993,23.38212983
254,Qingyuan,south_china,guangdong,19,1,0,17,1,313,27,0,283,3,19153,0.02422597,0.10330591,0.702522778,534.3281047,30.81698216,123,308.9789964,71.53212613,29968.57143,0.021548488,0.997954106,412.7181907,72.52207623,343.1983798,24.32092351
255,Zhaoqing,south_china,guangdong,16,0,2,15,1,115,0,17,92,6,14822,0.031304817,0.118450211,0.666220938,531.6310297,24.78060725,124,317.0157283,65.8346941,41176.57143,0.028650237,0.821589529,424.6538128,92.14007885,217.2989525,23.54963207
256,Shaoguan,south_china,guangdong,19,2,1,14,2,323,83,13,223,4,18463,0.03141418,0.100604611,0.792941942,525.3098716,31.70515242,122,301.4586439,70.14607525,31803.14286,0.017387262,0.77915114,321.0210183,123.0839963,414.2583226,24.81741703
257,Huizhou,south_china,guangdong,4,1,0,3,0,519,163,0,356,0,11356,0.025537161,0.173200704,0.573784256,541.3226509,21.14536001,116,342.666653,61.51063786,56972.85714,0.030399413,0.966119232,345.215734,58.67885907,166.3510563,23.24909826
258,Foshan,south_china,guangdong,10,1,0,10,0,421,19,0,402,0,3848,0.075363825,0.384488444,0.345179205,531.6760228,20.99749246,115,332.3981674,63.28036294,98342.14286,0.113843209,1.354381757,438.0686682,12.85091451,25.02388302,23.01601057
259,Yunfu,south_china,guangdong,7,0,2,5,1,126,0,36,87,3,7779,0.037279856,0.150218973,0.655027293,530.6728587,24.96847191,118,326.3059819,61.39840485,24155.42857,0.03627817,0.943748907,282.2078844,108.3048603,208.1230156,22.81431483
260,Shenzhen,south_china,guangdong,3,1,1,1,0,65,39,24,2,0,1992,0.262048193,0.336407926,0.331474806,541.2047815,22.76164841,116,339.9668173,62.47631582,138388.7143,0.219029451,0.825106551,436.3066664,5.845041623,80.63530828,22.66350521
261,Shanwei,south_china,guangdong,1,0,0,1,0,8,0,0,8,0,4902,0.047327621,0.173899048,0.464611873,522.0861363,18.22963029,108,338.2230234,57.63348267,21872,0.071739426,1.023175133,351.6666663,55.28490757,148.8232588,23.02519089
262,Heyuan,south_china,guangdong,3,0,1,2,0,133,0,1,132,0,15642,0.022247794,0.110484567,0.741345793,528.6648039,22.31153729,118,325.8312714,62.52199527,22087.14286,0.022478302,0.959749393,351.6055999,101.2055859,294.8282875,24.0396466
263,Jieyang,south_china,guangdong,3,0,0,2,1,10,0,0,1,9,5266,0.055070262,0.209539472,0.57457212,522.0524193,18.5343016,106,338.162295,59.35582271,25803,0.129244208,1.246935815,680.5999993,30.97791303,154.7966333,23.33903371
264,Shantou,south_china,guangdong,4,0,0,4,0,55,0,0,55,0,2248,0.180604982,0.324034182,0.389433623,503.7074038,17.02125286,104,323.9082349,58.77791607,29007.85714,0.240845937,1.692101535,541.4216664,6.507967377,50.73161403,23.34675009
265,Chaozhou,south_china,guangdong,0,0,0,0,0,0,0,0,0,0,3146,0.055308328,0.175009097,0.610557828,522.5477849,19.05218155,103,339.4321881,61.06341527,29085.28571,0.084620682,1.604264304,266.2166656,34.74933594,216.1829394,23.8131359
266,Meizhou,south_china,guangdong,15,0,0,4,5,109,0,0,106,3,16089,0.02883958,0.134269565,0.748065529,531.6445819,22.02208027,115,332.6209419,62.0015597,18889.42857,0.032642796,1.003330692,525.1899448,58.42373514,302.8620772,24.20853483
267,Beihai,south_china,guangxi,3,0,0,3,0,7,0,0,7,0,3337,0.053341325,0.273505202,0.301273154,520.8689466,20.14982526,121,312.9756676,66.74345381,47652.89,0.050366362,0.753895715,168.07255,37.20829953,28.53346174,21.69651276
268,Baise,south_china,guangxi,9,1,0,7,0,419,41,0,378,0,36202,0.014778189,0.100436145,0.387911799,622.2122887,24.67314719,161,337.5294897,99.00965182,26507.44429,0.011110893,0.398210044,402.2365484,228.3969041,742.9932249,23.98913908
269,Chongzuo,south_china,guangxi,10,2,3,0,3,149,80,53,0,16,17386,0.017945473,0.18554859,0.0878286,627.5190197,31.341442,155,339.2792021,101.8983755,29740.45714,0.014093808,0.388257794,245.0349459,107.9843295,295.6037949,22.59178491
270,Fangchenggang,south_china,guangxi,2,0,1,1,0,47,0,1,46,0,6222,0.028608165,0.111575831,0.395773466,612.9390934,31.64176479,141,348.8663352,91.43099342,58944.44429,0.014779698,0.456293796,91.95928096,138.6205062,261.7740917,21.89265912
271,NanNing,south_china,guangxi,6,1,0,4,1,2518,98,0,2419,1,22112,0.024195007,0.250741407,0.324234468,566.8924071,26.58148713,143,308.4405562,88.87036376,40996.42857,0.032611855,0.521278039,721.1133378,95.37569542,192.2786323,23.06889338
272,Qinzhou,south_china,guangxi,3,0,1,2,0,587,0,125,462,0,10843,0.016416121,0.225807476,0.38083892,549.9602929,24.3491566,128,320.4900367,77.12109957,26849,0.036345712,0.532467514,394.0965552,67.91597096,103.7128135,22.2004841
273,Yulin2,south_china,guangxi,3,2,0,1,0,218,189,0,29,0,12838,0.024302851,0.210179873,0.518855188,533.017002,25.40779003,128,313.6333324,65.9758796,22749.87857,0.054104588,0.72332139,694.5947007,125.3341854,1225.941128,38.0328545
274,Wuzhou,south_china,guangxi,0,0,0,0,0,0,0,0,0,0,12588,0.02478551,0.109477149,0.687566686,542.9259368,29.18905106,132,310.0546124,71.68227333,33765.16857,0.026591569,0.334842707,334.7346706,203.1744277,221.1482625,23.5003673
275,Hezhou,south_china,guangxi,0,0,0,0,0,0,0,0,0,0,11855,0.018810628,0.143906376,0.685359909,546.8390076,33.55091768,130,306.3786162,76.90947378,20931,0.01968664,0.348136229,233.3851172,191.1544092,374.459176,24.368632
276,Guilin,south_china,guangxi,32,6,2,20,2,23631,506,4,23104,17,27809,0.027257363,0.11662261,0.761287307,531.2952549,34.24319844,129,282.556668,85.49538849,31112.42857,0.018819327,0.410532561,523.3466645,129.295515,517.4474254,25.37324543
277,Liuzhou,south_china,guangxi,21,0,1,7,1,260,0,68,191,1,18617,0.023956599,0.133195853,0.694591052,544.9133907,31.06032359,137,289.0028919,87.85017524,50890.42857,0.020158035,0.430702503,375.2821376,188.2792377,365.3101796,24.87345477
278,Hechi,south_china,guangxi,28,4,1,8,8,830,304,6,485,35,33476,0.014637352,0.086880716,0.622944686,556.8533655,23.4528441,135,306.021746,92.37877537,16071.85714,0.012268142,0.323224101,410.6883216,225.0705888,544.2014124,24.65947113
279,Guigang,south_china,guangxi,1,0,0,1,0,140,0,0,140,0,10602,0.021033767,0.25736151,0.48422084,542.4695967,30.19678834,131,303.931954,77.34085438,18192,0.050167572,0.592010941,531.8765983,181.0214858,156.7247748,23.32876666
280,Laibin,south_china,guangxi,27,1,1,7,0,286,67,10,209,0,13411,0.01990903,0.26516507,0.491396676,552.2657242,29.81153263,130,305.1664646,87.28772702,24440.71429,0.019300948,0.455447021,258.8450136,86.70848825,231.5435654,23.81608753
281,Haikou,south_china,hainan,1,0,1,0,0,2,0,2,0,0,2305,0.239913232,0.252538363,0.271462945,424.7084933,14.31125596,87,259.3972373,64,42792.85714,0.077313087,1.216052061,178.2066655,25.06093721,41.46881782,19.82729518
282,Sanya,south_china,hainan,4,0,3,0,1,217,0,213,0,4,1918,0.288321168,0.137445218,0.173991458,460.1409218,21.54534443,101,270.8830682,66.71250923,50800.71429,0.030103771,0.737486966,57.73903278,79.45884911,186.0707937,18.39452082
283,Chongqing Municipality,south_west,chongqing,72,8,0,25,30,1438,667,0,631,140,82829,0.02606575,0.290822209,0.398701034,401.7546505,17.91125231,73,230.0952738,80.74812443,43272.28571,0.035669109,1.44600623,2954.436629,149.0419497,722.8159717,30.04744041
284,Qiandongnan Miao and Dong Autonomous Prefecture,south_west,guizhou,37,9,0,25,1,1535,848,0,685,2,30337,0.018261529,0.095497885,0.804748998,496.2674486,27.17096275,106,273.8417089,89.25477692,17336.54143,0.015240163,0.882307001,462.3408249,240.6537402,767.1318283,26.50855966
285,Guiyang,south_west,guizhou,2,0,0,0,0,0,0,0,0,0,8034,0.043066965,0.284518487,0.546309407,474.3340309,17.17646176,75,287.4489048,94.70866435,46926.71429,0.05126587,1.153016866,411.8699996,84.81552534,1189.698,26.84754454
286,Anshun,south_west,guizhou,1,0,0,1,0,84,0,0,84,0,9267,0.022445236,0.255077055,0.578188642,497.9427679,14.1913261,87,307.3774792,89.37396253,19596.14286,0.030008327,1.104742311,278.0871663,124.6255659,1208.107096,26.01301437
287,Qianxinan Buyi and Miao Autonomous Prefecture,south_west,guizhou,2,0,0,2,0,116,0,0,116,0,16804,0.01648417,0.141849103,0.682925597,545.1299863,18.73069622,110,322.3137805,94.08550956,20885.36571,0.020654835,0.888214413,347.0838473,179.6649155,1144.472145,25.26734532
288,Liupanshui,south_west,guizhou,0,0,0,0,0,0,0,0,0,0,9965,0.013948821,0.139881171,0.818808291,496.5093663,14.12218627,85,310.038637,87.348543,31332.48286,0.032047573,1.200185399,319.3540649,104.0487044,1717.956028,26.14929426
289,Bijie,south_west,guizhou,6,0,0,5,0,47,0,0,47,0,26853,0.010315421,0.256570224,0.640972154,479.5421395,18.42611755,83,288.8976018,89.21842018,16787.14714,0.032269512,0.978552117,866.5332057,159.8076025,1685.452735,27.06709318
290,Zunyi,south_west,guizhou,20,0,0,13,3,283,0,0,281,2,30762,0.015766205,0.293455149,0.487102797,453.252715,23.88063028,77,258.1404126,94.23167217,26492.71429,0.024461202,0.796935098,752.4754959,189.1197715,983.4523555,28.1675889
291,Tongren,south_west,guizhou,23,9,0,6,4,933,668,0,242,23,18003,0.019219019,0.226662582,0.551110734,442.4133263,25.67956584,79,249.1653161,88.56844436,18906.51,0.023826881,1.218549131,428.9553386,182.0718715,751.4759661,27.96626442
292,Qiannan Buyi and Miao Autonomous Prefecture,south_west,guizhou,7,2,0,2,1,307,296,0,10,1,26197,0.015879681,0.152338921,0.714993651,524.6066539,19.54064806,113,299.0949172,92.97108866,20837,0.01551712,0.601567069,406.5019926,195.6576061,993.8147303,26.01415935
293,Panzhihua,south_west,sichuan,2,0,0,0,1,1,0,0,0,1,7440,0.028225806,0.080093413,0.697953619,541.1270967,12.40362313,91,336.2351806,101.4882929,64335.71429,0.014998562,0.616965726,111.5893013,260.894615,1856.451369,26.82357659
294,Liangshan Yi Autonomous Prefecture,south_west,sichuan,21,1,0,14,5,244,133,0,95,16,60423,0.011800142,0.087882628,0.759993814,536.8203034,14.19048269,110,317.0145778,95.61524288,25315.57143,0.008221677,0.369654353,496.7783894,324.8335041,2626.355622,27.87898738
295,Yibin,south_west,sichuan,10,1,0,5,2,577,23,0,553,1,13294,0.031517978,0.265677023,0.08438074,442.4009275,18.9799388,70,266.8114657,86.60952301,29286.14286,0.041187699,1.247953964,547.5492705,98.32148674,581.0972058,28.56291508
296,Leshan,south_west,sichuan,10,0,1,5,3,79,0,37,39,3,12827,0.035939814,0.160821521,0.694981016,475.1137301,21.62834252,66,297.4920913,89.99329635,33977.42857,0.02765441,0.751911983,354.7231171,239.9104588,1081.055606,29.20101524
297,Zigong,south_west,sichuan,3,2,0,1,0,116,116,0,0,0,4373,0.057397668,0.465707715,0,374.3911013,11.76114132,49,238.2824286,75.34753141,35331.42857,0.075034702,1.404653556,328.1267518,79.27224404,367.565855,29.27709606
298,Neijiang,south_west,sichuan,2,0,0,2,0,2,0,0,2,0,5386,0.038989974,0.487282872,0,363.7931462,11.54676779,46,233.7629308,72.48344769,27704.42857,0.078953456,1.832663387,425.243314,70.92955057,402.4729475,29.63399485
299,Dazhou,south_west,sichuan,24,7,2,7,5,1259,937,59,255,8,16591,0.017660177,0.268438335,0.323161748,355.4900119,15.36958856,47,219.2799141,73.84050923,21584,0.041491421,1.149148635,688.3841658,145.0600705,679.9892642,31.36547371
300,Suining,south_west,sichuan,4,0,0,2,1,2,0,0,0,2,5325,0.03943662,0.474982454,0,340.4188247,10.88178567,40,220.2752111,69.26182791,22580.85714,0.071323302,1.616769953,379.7965832,95.69677971,359.4481235,30.63217447
301,Guang'an,south_west,sichuan,10,5,0,2,3,291,245,0,26,20,6344,0.039564943,0.395263012,0,341.7256624,12.32714593,43,217.3209986,69.07751792,25452.57143,0.073893782,1.530000788,468.782153,63.66543783,409.3258486,30.42273434
302,Luzhou,south_west,sichuan,8,3,0,2,0,254,236,0,18,0,12234,0.023949649,0.251550164,0.152687798,437.2557126,21.65989544,69,257.6310164,88.96480074,26438.28571,0.041326144,1.050909351,505.5840457,127.8040903,703.7333208,28.42867449
303,Ziyang,south_west,sichuan,40,18,1,19,1,7662,2550,3,5108,1,7963,0.015823182,0.460130001,0,353.5421562,10.40725682,42,229.9504714,71.18442798,29139.14286,0.063401867,1.744380259,504.8690669,85.39824037,405.8492784,30.17186912
304,Ya'an,south_west,sichuan,25,0,0,10,14,110,0,0,67,43,15302,0.021892563,0.055508748,0.819888541,503.7674058,20.00631682,61,320.3962706,102.3648184,27631.14286,0.01019813,0.389650046,156.0517853,297.8214161,2075.033786,29.91473848
305,Meishan,south_west,sichuan,28,17,0,10,1,2268,2089,0,177,2,7186,0.034929029,0.33199191,0.299350151,414.3940102,15.54644126,56,258.0993595,84.74820944,28535.57143,0.048814039,1.013648066,350.7776843,138.9823757,689.1982259,29.92608721
306,Garzê Tibetan Autonomous Prefecture,south_west,sichuan,12,1,0,3,8,1367,1170,0,37,160,152629,0.004940083,0.007340865,0.398278863,365.0259332,6.239278418,86,208.6887304,64.09792441,16459.85714,0.000716257,0.172043485,109.3215897,612.2853012,4189.076322,30.90138718
307,Guangyuan,south_west,sichuan,36,0,1,5,20,447,0,31,130,286,16319,0.017954532,0.160310513,0,387.0167093,16.44168052,54,237.1295345,79.44549427,19729.28571,0.018991287,1.009312764,309.9188126,174.6288098,902.3484814,32.25497046
308,Bazhong,south_west,sichuan,5,0,1,2,1,5,0,3,2,0,12301,0.017071783,0.197859995,0.275721915,366.4692923,16.58768463,45,227.1893236,77.69228412,12459.28571,0.031436814,1.265173563,386.704249,263.2458517,796.0687035,32.01139511
309,Nanchong,south_west,sichuan,27,14,0,8,5,12706,12467,0,107,132,12480,0.030208333,0.378601195,0,343.7890872,12.00726425,43,218.7095958,70.07222716,20258.14286,0.060468036,1.636484375,754.6410893,113.8043906,408.2547576,31.19173203
310,Mianyang,south_west,sichuan,45,4,0,20,19,536,374,0,114,48,20267,0.018601668,0.206561517,0,405.1575463,15.73744405,50,255.8309571,83.58914511,30519.85714,0.026910567,0.895576553,545.3964614,314.2866608,1227.15036,31.85260031
311,Deyang,south_west,sichuan,6,2,1,3,0,383,209,135,39,0,5952,0.042170699,0.451455483,0,381.6888133,13.55142774,44,244.3156079,79.82177765,38720.28571,0.065683429,1.318678595,390.9477694,99.21537072,788.6014258,31.12957119
312,Chengdu,south_west,sichuan,14,3,0,8,2,562,192,0,357,13,12163,0.068897476,0.460222674,0.028347352,410.35548,14.90198354,52,255.3989391,88.05455731,61934.85714,0.09746129,1.776405903,1185.42167,60.94632328,805.7080575,30.70041457
313,Ngawa Tibetan and Qiang Autonomous Prefecture,south_west,sichuan,11,0,0,0,9,146,0,0,0,146,84242,0.006469457,0.010196402,0.307347859,375.6434962,8.142962199,55,236.6996062,75.80092778,23921.14286,0.001083408,0.148969932,91.26845674,437.8093025,3623.57814,32.39955996
314,Ngari Prefecture,south_west,xizang,0,0,0,0,0,0,0,0,0,0,296823,0.000619898,4.32E-05,0.074963951,137.9532915,1.143375884,58,55.66261874,23.14729685,23268.33333,3.33E-05,0.032280854,9.8842059,1362.373472,5032.329008,32.80803547
315,Xigazê,south_west,xizang,0,0,0,0,0,0,0,0,0,0,182066,0.000642624,0.002187745,0.222202771,212.141952,1.943353601,85,94.18948313,31.00911524,13153.5,0.000180704,0.078054112,32.90005446,519.8111054,4986.203419,29.50450763
316,Nagqu Prefecture,south_west,xizang,0,0,0,0,0,0,0,0,0,0,391817,0.000510442,0.000289692,0.120598349,90.40273673,1,17,51.42256692,20.98016982,12859.66667,0.000121456,0.034149531,47.58852555,1702.899375,4973.386803,32.93233873
317,Lhasa,south_west,xizang,1,0,0,0,1,1,0,0,0,1,29539,0.004536376,0.014853273,0.143807061,130.3987725,1.515574898,11,92.47149733,25.41170029,49909.85714,0.001996964,0.125726441,58.9883196,236.3904166,4810.526863,30.03413545
318,Lhoka,south_west,xizang,1,0,0,0,1,1,0,0,0,1,79288,0.002320654,0.004341272,0.215404331,256.9914082,1.791021172,78,138.0037329,39.19665408,19409,0.000429237,0.079620287,34.03334326,409.4679502,4734.560672,28.72682747
319,Nyingchi,south_west,xizang,0,0,0,0,0,0,0,0,0,0,113965,0.001026631,0.001797553,0.646173189,375.8578618,3.434897511,119,199.8698001,53.55316413,32571,0.000178666,0.044235511,20.36167069,887.7950684,4224.581974,29.50631969
320,Qamdo,south_west,xizang,0,0,0,0,0,0,0,0,0,0,108872,0.002755529,0.005648646,0.316119848,272.2578187,3.340786197,60,160.1733933,48.74363919,12220.33333,0.000619642,0.105547493,67.46166382,611.9312857,4446.537244,30.75411518
321,Dêqên Tibetan Autonomous Prefecture,south_west,yunnan,1,0,0,0,1,1,0,0,0,1,23870,0.011939673,0.018981716,0.795402563,524.5207081,9.114036084,92,325.419732,97.98693995,31933.85714,0.001696271,0.217752409,40.48998877,400.0178122,3445.028466,27.95385415
322,Nujiang Lisu Autonomous Prefecture,south_west,yunnan,13,0,0,5,9,161,0,0,130,31,14703,0.025845066,0.040471563,0.856136596,656.1138422,13.75820212,126,398.9554174,117.4002227,16416,0.003662518,0.300550908,53.85000215,403.75767,2740.16516,26.95417466
323,Dali Bai Autonomous Prefecture,south_west,yunnan,22,4,0,13,3,767,349,0,415,3,29459,0.038731797,0.094763953,0.597923003,646.5783178,16.61552323,114,396.8809692,119.0818254,21067,0.011887765,0.601225432,350.2016691,145.42893,2246.259075,25.75077561
324,Dehong Dai and Jingpo Autonomous Prefecture,south_west,yunnan,8,1,0,1,2,165,162,0,0,3,11526,0.041297935,0.124357188,0.702234495,816.7888072,32.906249,134,509.1401428,140.7424154,18700.85714,0.010773179,0.64393545,124.1716612,241.3018576,1430.800858,24.56228528
325,Baoshan,south_west,yunnan,14,0,0,3,10,44,0,0,25,19,19637,0.024239955,0.113062631,0.746222632,771.0998371,29.50358273,137,470.2446615,134.3515928,17296.14286,0.01296566,0.631053623,254.6066654,170.1141802,1821.884152,24.9796661
326,Lincang,south_west,yunnan,8,0,0,2,1,79,0,0,79,0,24469,0.031100576,0.136289452,0.471289366,748.7306755,33.83466998,126,460.7614534,128.1345521,16008.85714,0.010096993,0.593179125,247.0633217,186.5875329,1614.069856,23.92281963
327,Pu'er,south_west,yunnan,24,0,0,7,6,194,0,0,187,7,45385,0.02095406,0.090660927,0.610432997,761.0284036,39.28223829,140,454.6998373,127.046328,16034.42857,0.005679042,0.427073923,257.7433212,251.6312422,1449.420485,23.209742
328,Xishuangbanna Dai Autonomous Prefecture,south_west,yunnan,119,1,0,29,47,266,20,0,117,129,19125,0.014901961,0.060697244,0.71010985,792.7782981,47.31643941,124,489.7361821,131.7256766,23232.85714,0.006011939,0.332392157,114.9783334,271.7198136,1102.309359,21.95015473
329,Lijiang,south_west,yunnan,2,0,0,1,1,2,0,0,1,1,21219,0.022432725,0.046080672,0.790343207,566.7245356,11.53970402,98,352.0324079,105.1524237,18284.71429,0.005958653,0.314753287,126.436658,237.2760432,2595.399649,26.94879564
330,Chuxiong Yi Autonomous Prefecture,south_west,yunnan,5,1,0,4,0,187,35,0,152,0,29258,0.032503931,0.080826326,0.28670276,604.1034748,18.94124385,115,365.6350426,104.5271883,23128.28571,0.009282589,0.593982842,271.589989,157.1644647,1922.663905,25.35985768
331,Honghe Hani and Yi Autonomous Prefecture,south_west,yunnan,0,0,0,0,0,0,0,0,0,0,32931,0.03756339,0.150794064,0.259272739,708.5524774,39.49057282,138,412.2660538,118.7958508,21939.14286,0.01389896,0.624442015,457.7066518,166.103207,1492.062352,23.45613073
332,Wenshan Zhuang and Miao Autonomous Prefecture,south_west,yunnan,4,0,0,4,0,96,0,0,96,0,32239,0.023604951,0.137480842,0.578845315,661.950537,28.74666579,154,376.847187,102.3566841,15145.57143,0.011064808,0.448998108,356.7183451,135.3524013,1361.721809,23.69311994
333,Qujing,south_west,yunnan,3,1,0,2,0,1074,1070,0,4,0,29855,0.028671914,0.150091869,0.741028113,534.4432621,14.53965776,112,316.9538096,90.94979479,24560.57143,0.019944342,0.703324401,595.4383304,98.75398136,2007.466306,25.71638858
334,Zhaotong,south_west,yunnan,20,0,0,16,4,5430,0,0,5428,2,23021,0.045436775,0.193230096,0.702105328,501.9519598,16.67879652,88,303.4510156,93.8221476,11180.85714,0.023118529,0.660331871,532.2116561,191.5592663,1704.427267,27.6543052
335,Kunming,south_west,yunnan,7,1,0,7,0,431,56,0,375,0,21015,0.063383298,0.143708445,0.72764666,551.5915827,15.26275897,108,332.7838639,95.54495982,50429.14286,0.031200412,0.813561742,655.6766582,89.30259648,2100.850068,25.39788867
336,Yuxi,south_west,yunnan,5,0,0,1,0,16,0,0,16,0,15285,0.056002617,0.1206411,0.257984103,646.6489145,30.39629503,117,388.9297503,110.3228692,45566.57143,0.015273144,1.085803075,233.450006,114.7924483,1663.514977,24.15176397